:020000040800F2
:10000000C83B002045010008596F0008690100083D
:10001000556F00087D0D0008218F000800000000CA
:100020000000000000000000000000000183000844
:100030001512000800000000A5730008898400085C
:100040005F0100085F0100085F0100085F01000810
:100050005F0100085F0100085F0100085F01000800
:100060005F0100085F0100085F0100085F010008F0
:100070005F0100085F010008FD0D00080D0E00087B
:100080005F0100085F0100085D0800085F010008CB
:100090005F0100085F0100085F0100085F010008C0
:1000A0003D8500084D8500085F0100085F010008DC
:1000B0005F0100085F0100085F0100085F010008A0
:1000C0005F0100085F0100085F0100085F01000890
:1000D000398100085F010008118F00085F010008E6
:1000E0005F0100085F0100085F0100085F01000870
:1000F0005F0100085F0100085F0100085F01000860
:100100005F0100085F0100085F0100085F0100084F
:100110005F0100085F0100085F0100085F0100083F
:100120005F0100085F0100085F0100085F0100082F
:10013000DFF80CD000F06EFB0048004755A5000822
:10014000C83B00200648804706480047FEE7FEE718
:10015000FEE7FEE7FEE7FEE7FEE7FEE7FEE7FEE777
:1001600029850008310100087046694609F04EFBF8
:10017000FFF7FEFF2DE9F05F0546002092469B4603
:1001800088460646814640241BE0284641464746AD
:10019000224600F029F953465A46C01A914110D31D
:1001A00011461846224600F010F92D1A67EB010897
:1001B0004F4622460120002100F007F917EB000905
:1001C0004E41201EA4F10104DFDC484631462A4698
:1001D0004346BDE8F09F40EA01039B0703D009E0D6
:1001E00008C9121F08C0042AFAD203E011F8013B23
:1001F00000F8013B521EF9D27047D2B201E000F87C
:10020000012B491EFBD270470022F6E710B51346BA
:100210000A4604461946FFF7F0FF204610BD10B508
:10022000044604E00B7800F8013B03B1491C521E60
:10023000F8D2204610BD034611F8012B00F8012B1F
:10024000002AF9D1184670472DE9F04D81EA0304E0
:1002500004F0004B21F0004514464FF0000A23F053
:10026000004150EA050220D054EA01021DD0C5F336
:100270000A570246C5F31303C1F31300C1F30A562C
:1002800040F4801543F48013A7EB0608101BD646F4
:1002900008F2FD3873EB050002D308F1010801E014
:1002A00092185B41B8F1000F03DA00200146BDE867
:1002B000F08D00204FF48011064684460EE0171B97
:1002C00073EB050705D3121B63EB050306434CEAEA
:1002D000010C49084FEA300092185B4150EA0107CF
:1002E000EDD152EA030012D082EA040083EA05014C
:1002F000084305D0101BAB4106D20122002306E0C3
:1003000000224FF0004302E06FF0010253101AEB9D
:1003100006004CEB085110EB0A0041EB0B01BDE865
:10032000F04D00F0D1B80EB540F2334102910021FA
:10033000CDE900110A460B4600F0D5F803B000BD28
:1003400000F0004230F000400AD0C10D01F56071AC
:10035000C0F3160042EA0151C2084007114370473A
:1003600000200146704701F0004330B421F0004105
:1003700050EA010206D00A0DA2F56072C1F3130122
:10038000002A02DC30BC00207047440F44EAC1045C
:10039000C100E01830BC00EBC25000F035B830B5F9
:1003A0000B46014600202022012409E021FA02F533
:1003B0009D4205D303FA02F5491B04FA02F52844CD
:1003C000151EA2F10102F1DC30BD202A04DB203A27
:1003D00000FA02F1002070479140C2F1200320FA98
:1003E00003F3194390407047202A04DB203A21FA96
:1003F00002F00021704721FA02F3D040C2F120023E
:1004000091400843194670470029A8BF7047401C17
:10041000490008BF20F00100704710B4B0FA80FC1A
:1004200000FA0CF050EA010404BF10BC704749B157
:10043000CCF1200421FA04F411FA0CF118BF0121C7
:1004400021430843A3EB0C01CB1D4FEA00614FEAA7
:10045000102042BF002010BC704700EBC350104476
:100460000029A4BF10BC7047401C490008BF20F001
:10047000010010BC7047F0B400F0004221F00041D0
:1004800020F00040CE0DC30DC1F3160141F4000170
:10049000C0F316004C42154640F40000761E09E0F9
:1004A00010EB440002D582F0004240428842F7D867
:1004B00040005B1EB342F9DA18B1F0BC0021FFF72F
:1004C000ACBF2846F0BC704710B5141E73F1000491
:1004D00008DA401C41F1000192185B411A4301D136
:1004E00020F0010010BD2DE9F04D92469B4611B160
:1004F000B1FA81F202E0B0FA80F220329046FFF7C2
:1005000064FF04460F4640EA0A0041EA0B015346E5
:100510005A46084313D0114653EA010019D0C8F1D6
:1005200040025046FFF760FF05460E4650465946CA
:100530004246FFF74AFF084305D0012004E0204669
:100540003946BDE8F08D0020054346EAE0762C43AD
:1005500037430A986305E40AA0EB08000022FD0A6D
:1005600044EA47540A3002D500200146E9E7010574
:1005700010196941DDE9084500196941BDE8F04DF0
:10058000A2E72DE9FE4F804681EA0300C00F0C462A
:10059000009021F0004123F00045B8EB0200A94192
:1005A00005D24046214690461C460B46024623F0A3
:1005B0000040104347D0270DC7F30A00C3F30A5188
:1005C0000290401A019040286BDAC3F3130040F404
:1005D000801B0098924620B10023D2EB030A63EB04
:1005E0000B0B01985946C0F140025046FFF7EDFE53
:1005F00006460D4650465946019A00F01DF910EB8B
:1006000008006141002487EA115284EAE7731A4323
:1006100040D0009A62B3019A012A4FEA075215DCD2
:10062000001B61EB02014FF0004202EA0752CDE9E4
:100630000042001C41F5801132462B46FFF753FF64
:1006400003B0BDE8F08F40462146F9E7001B61EB9F
:100650000201001C41F5801300185B412018A2F52F
:10066000001747EB030140EAD570B6196D4111E060
:100670006D084FEA360645EAC0754FEA0752001B7F
:1006800061EB0201001C41F5801149084FEA30007E
:100690000019514132462B4603B0BDE8F04FFFF739
:1006A00013BF0098012240000023D0EB020263EB4D
:1006B000E073009821464FEAE074B8EB000061EB6C
:1006C0000401E9E783F000435BE781F0004158E76C
:1006D0002DE9FE4F81EA030404F0004421F00041BB
:1006E00000944FF0000B23F0004350EA01045ED069
:1006F00052EA03045BD0C3F30A54C1F30A552C44F5
:10070000A4F2F3340194A0FB0254C1F3130141F4A9
:100710008011C3F3130343F4801301FB024400FB75
:10072000034E840A970A44EA815447EA8357A4FB9C
:10073000076802958D0A05FB07854FEA932C04FB99
:100740000C542705029D4FEA065847EA1637B5EBC9
:1007500008056EEB070C870E920E47EA811742EAF6
:100760008312A7FB0201B6EB0B0164EB00042B0D17
:1007700043EA0C335E1844EB1C50DA465146E7FB63
:100780000201C5F313044FEA0B3343EA14534FEA53
:100790000432019C43EA0603A4F10C040294009C79
:1007A000CDE900B4FFF79FFE03B0BDE8F08F002055
:1007B0000146F9E7C1F30A52C1F3130140F2FF33D6
:1007C00041F480119A4202DA00200146704740F25B
:1007D00033439A42A2F2334202DC5242FFF704BE94
:1007E000FFF7F3BD30B5041E71F1000404DB4FF0D8
:1007F0000044404264EB0101141E73F1000405DB68
:100800001C464FF00043524263EB0403994208BF79
:10081000904230BD064C074D06E0E06840F0010311
:1008200094E8070098471034AC42F6D3FFF784FCF5
:10083000A4E00008C4E00008202A06DBCB17203A19
:1008400041FA02F043EAE07306E041FA02F3D040D5
:10085000C2F12002914008431946704780B541F229
:100860007400C2F2000001F0BBFD41F2A400C2F22C
:10087000000001F0B5FD80BD80B584B0029000207D
:100880000190029800688068C00770B3FFE7029883
:100890000168886820F00100886003F057F9019032
:1008A000FFE7029800688068C007E8B1FFE703F03F
:1008B0004DF90199401A032815D3FFE70298006803
:1008C0008068C00770B1FFE70299886A40F01000A5
:1008D00088620299C86A40F00100C86201208DF860
:1008E0000F0006E0FFE7DCE7FFE700208DF80F00D0
:1008F000FFE79DF80F0004B080BD000080B582B016
:1009000001900198406A00900098806A10F0500FA2
:1009100028D1FFE70099886A40F400708862009847
:100920000068806800F46020B0F5602F16D1FFE702
:100930000098007B90B9FFE70099886A20F48070E6
:1009400088620098806AC004002806D4FFE70099F6
:10095000886A40F001008862FFE7FFE7009801F035
:1009600033FD05E00098006A016B01988847FFE7B6
:1009700002B080BD80B582B001900198406A0090BD
:100980000099886A40F0400088620099C86A40F087
:100990000400C862009801F01FFD02B080BD000095
:1009A00080B582B001900198406A0090009801F0F3
:1009B0000FFD02B080BD000080B584B00290002021
:1009C00001900090029800688068C007002849D113
:1009D000FFE702980168886840F00100886040F2F3
:1009E0001800C2F2000000684DF68361C4F21B31AA
:1009F000A0FB0110800C0090FFE7009820B1FFE7FA
:100A0000009801380090F8E703F0A0F80190FFE7A4
:100A1000029800688068C00718BBFFE703F096F8EB
:100A20000199401A03281BD3FFE7029800688068E9
:100A3000C007A0B9FFE70299886A40F010008862F9
:100A40000299C86A40F00100C862FFE702990020DD
:100A500081F82400FFE701208DF80F0006E0FFE792
:100A6000D6E7FFE700208DF80F00FFE79DF80F00A5
:100A700004B080BD80B586B004908DED030A049863
:100A800090F8340058B9FFE7039804990861049975
:100A9000012081F83400049800690590C4E09DEDC0
:100AA000030A08F015FC049880ED000A9DED030A86
:100AB00008F0C2FB049880ED010A049890ED040A46
:100AC00008F006FC049880ED020A049890ED040AF0
:100AD00008F0B2FB049880ED030A049890ED000A38
:100AE00090ED011A90ED023A90ED032A21EE031ADF
:100AF00020EE020A30EE410A8DED020A049890EDD4
:100B0000001A90ED010A90ED023A90ED032A21EED1
:100B1000031A20EE020A30EE010A8DED010A9DED66
:100B2000020ADDED010A0BF0E1FA8DED000A0098F2
:100B300004994861049890ED050A90ED131AB0EEFF
:100B4000C00AB4EE410AF1EE10FA04DAFFE70499A4
:100B500000204861FFE7049890ED051A90ED060A21
:100B600030EE010A80ED060A049890ED060AD0EDF9
:100B7000070A90ED081A05F0E1FE049890ED052AA9
:100B800090ED063A90ED100A90ED111A21EE031A3D
:100B900020EE020A30EE010A80ED090A049890ED79
:100BA000090AD0ED0B0A90ED0C1A05F0C7FE049867
:100BB00090ED041A90ED090A90ED122A20EE020A37
:100BC00030EE010A80ED040AFFE7049890ED040A74
:100BD0009FED171AB4EE410AF1EE10FA0ADCFFE7B6
:100BE000049890ED040A9FED151A30EE010A80ED8D
:100BF000040AEAE7FFE7049890ED040A9FED0D1A56
:100C0000B4EE410AF1EE10FA0ADDFFE7049890ED28
:100C1000040A9FED091A30EE010A80ED040AEAE7A2
:100C2000049800690590FFE79DED050A06B080BDB8
:100C3000DB0F49C0DB0F4940DB0FC9C0DB0FC940E8
:100C400081B00090009808B9FFE70AE00099002001
:100C500081F8340000998861009908610099486220
:100C6000FFE701B07047000080B586B08DED040A43
:100C7000CDED030A8DED021ACDED011A9DED040AAA
:100C8000B5EE400AF1EE10FA08DDFFE79DED030A2C
:100C9000B5EE400AF1EE10FA03DCFFE70020059004
:100CA00052E054200CF074F80090009818B9FFE757
:100CB0000020059048E000985421FFF7A5FA049819
:100CC0000099886303980099C863009890ED0F0A13
:100CD00030EE000A80ED100A009890ED0E1A90EDAB
:100CE0000F0A20EE000A80EE010A80ED110A00983A
:100CF00090ED0E1AB7EE000A80EE010A80ED120A9E
:100D000002980099C86401980099C862009890ED13
:100D10000C0AB1EE400A80ED0C0A009890ED0B0A27
:100D200090ED111A80EE010A80ED070A009890ED0F
:100D3000070AB1EE400A80ED080A0099002081F808
:100D4000340000980590FFE7059806B080BD0000CC
:100D500080B582B08DED010A00909DED010A08F08A
:100D60006BFA009880ED010A9DED010A08F0B0FAD7
:100D7000009880ED000A02B080BD0000FFE7FEE7AA
:100D800070B588B00F9D0E9CDDF834E0DDF830C002
:100D9000109E07950694CDF814E0CDF810C003938B
:100DA0000292019100909DED000A9DED011A9DEDCA
:100DB000022A31EE021A9FED0E2A21EE021A9FED51
:100DC0000D2A20EE020A30EE010A109880ED000A8A
:100DD0009DED010A9DED021A30EE410A9FED061AC3
:100DE00020EE010A109880ED010A08B070BD00BF26
:100DF000AAAAAABEABAA2A3F3ACD133F80B541F2B8
:100E00001810C2F2000002F085F880BD80B541F2F2
:100E10005C10C2F2000002F07DF880BD84B0039047
:100E20000291019200930398C16B026C01209040E3
:100E30004860009803990968486003984068102842
:100E400009D1FFE70198039909688860029803991E
:100E50000968C86008E002980399096888600198E9
:100E600003990968C860FFE704B0704780B58AB08D
:100E700040F60000C4F2010002904FF400610391BB
:100E8000002202F04BFE0A20049000F0C5F90298FF
:100E90000399012202F042FE049800F0BDF940F2ED
:100EA0001C01C2F2000105A81222FFF794F905996E
:100EB000069A079B0898DDF824E0EC46CCF804E09D
:100EC000CCF8000041F28A30C2F2000000F03CF899
:100ED00008B1FFE7FFE7642000F09EF941F28A3095
:100EE000C2F2000000F002F80AB080BD80B582B006
:100EF0000190002009F02AFD01990880012009F0E5
:100F000025FD01994880022009F020FD0199888083
:100F1000032009F01BFD01990881042009F016FD4A
:100F20000199C880052009F011FD0199488106202A
:100F300009F00CFD01998881072009F007FD01994E
:100F4000C88102B080BD000080B594B00190DDF88A
:100F50005CC01698CDF838C00D900C930B920A9196
:100F60000FA80AA91222FFF736F9019809909DF8F7
:100F70003C200999087902F0030200F09F0040EA42
:100F80004210087109988088ADF81E0008980290F8
:100F9000BDF81E1002200BF019F801460298084314
:100FA00008909DF83D200999087A00F00F0040EA6A
:100FB000021008729DF83E200999087A02F00F028B
:100FC00000F0F000104408729DF83F200999487A1B
:100FD00002F0070200F0F8001044487209980089F6
:100FE000ADF81E0008980390BDF81E1003200AF00B
:100FF000EDFF01460398084308909DF840200999A9
:10100000887902F00F0200F0F000104488719DF81A
:1010100041200999887900F00F0040EA0210887198
:101020009DF842200999C87902F0030200F0FC0003
:101030001044C8719DF843200999C87902F0010253
:1010400000F0FB0040EA8200C8710998C088ADF842
:101050001E0008980490BDF81E1004200AF0B6FF88
:1010600001460498084308909DF844200999887A1D
:1010700002F00F0200F0F000104488729DF8452045
:101080000999887A02F0030200F0CF0040EA0210CA
:1010900088729DF846200999887A00F03F0040EA5E
:1010A000821088729DF847200999C87A02F00302DD
:1010B00000F0FC001044C87209984089ADF81E0089
:1010C00008980590BDF81E1005200AF07FFF014624
:1010D0000598084308909DF848200999087B02F07C
:1010E000030200F0FC00104408739DF849200999A0
:1010F000087B00F03F0040EA821008739DF84A2008
:101100000999487B02F0010200F0FD0040EA42002C
:1011100048739DF84B200999087B02F0010200F00A
:10112000EF0040EA021008739DF84C200999087BF3
:1011300002F0010200F0F70040EAC20008739DF8D7
:101140004D200999087B02F0010200F0FB0040EA03
:101150008200087309988089ADF81E0008980690EF
:10116000BDF81E1006200AF031FF0146069808431C
:101170000890089814B080BD4EF6FC51CEF20001E4
:10118000086840F08070086041F20401CEF200016E
:101190000020086041F20001CEF20001086840F032
:1011A000010008607047000080B582B0019040F6F1
:1011B000D000C2F2000090ED082A90ED0B0A9FEDDE
:1011C000101A22EE011A9FED0F3A80EE030A30EE5C
:1011D000000A30EE000A9FED0C3A20EE030A60EEA2
:1011E000021A9FED0A0ADFED0A0AFFF73DFD40F6FD
:1011F0000811C2F200010860002002B080BD00BFEB
:101200007CD9203900007042DB0F494000401C4669
:1012100000007A437047000080B582B001900198C9
:1012200002F09AFA02B080BD85B0049000200090D0
:101230000498C0EB0010C00003904EF21800CEF2EC
:10124000000000680290FFE74EF21800CEF20000A6
:101250000068019001980299884222D0FFE7019826
:101260000299884207D2FFE702980199411A009833
:10127000084400900CE04EF21400CEF2000000682A
:101280000199401A02990144009808440090FFE730
:101290000198029000980399884201D3FFE701E08A
:1012A000FFE7D1E705B0704781B0EFF3108072B669
:1012B0000090FFE7FEE7000091B0CDED100A8DED44
:1012C0000F0A0E908DED0D1AADF832109DED0F0A3C
:1012D0009DED0D1A80EE010A8DED0B0A9DED100AB1
:1012E0009DED0D1A80EE010A8DED0A0A0B9809900A
:1012F0009DED0B0A9DED0A1A9FED773A21EE031A38
:10130000BEEE002A20EE020A30EE010A8DED080A38
:101310009DED0B0A9DED0A1A21EE031A20EE020A3A
:1013200030EE410A8DED070A9DED090A9DED081A80
:10133000B4EE410AF1EE10FA05DDFFE79DED090A72
:101340008DED030A04E09DED080A8DED030AFFE729
:101350009DED030A8DED060A9DED060A9DED071A27
:10136000B4EE410AF1EE10FA05DDFFE79DED060A45
:101370008DED020A04E09DED070A8DED020AFFE7FC
:101380009DED020A8DED060A9DED090A9DED081AF4
:10139000B4EE410AF1EE10FA05DAFFE79DED090A15
:1013A0008DED010A04E09DED080A8DED010AFFE7CD
:1013B0009DED010A8DED050A9DED050A9DED071ACB
:1013C000B4EE410AF1EE10FA05DAFFE79DED050AE9
:1013D0008DED000A04E09DED070A8DED000AFFE7A0
:1013E0009DED000A8DED050A9DED060A9DED051A9D
:1013F00030EE010AB6EE002A20EE020A8DED040A54
:101400009DED041A9DED090A30EE410A8DED090AA1
:101410009DED041A9DED080A30EE410A8DED080A93
:101420009DED041A9DED070A30EE410A8DED070A85
:10143000BDF8320000EE100AB8EEC01A9DED090AA0
:1014400020EE010A8DED090ABDF8320000EE100A07
:10145000B8EEC01A9DED080A20EE010A8DED080ACB
:10146000BDF8320000EE100AB8EEC01A9DED070A72
:1014700020EE010A8DED070A9DED091ABDF8320034
:1014800000EE100AB8EEC00A20EE020A30EE010AA1
:101490000E9880ED000A9DED081ABDF8320000EEAE
:1014A000100AB8EEC00A20EE020A30EE010A0E98C9
:1014B00080ED010A9DED071ABDF8320000EE100A1A
:1014C000B8EEC00A20EE020A30EE010A0E9880ED56
:1014D000020A11B0704700BFD7B35D3F80B586B038
:1014E000049000208DF80F000190FFE7049890F819
:1014F0002400012804D1FFE702208DF81700AEE098
:101500000499012081F82400FFE7FFE70498FFF722
:10151000B3F98DF80F000498FFF74EFA8DF80F001D
:101520009DF80F00002840F08F80FFE70498806A44
:1015300040F0020020F488500499886240F21800BC
:10154000C2F2000000680090022002F0BDFB0146DC
:101550000098B0FBF1F040000190FFE7019820B146
:10156000FFE7019801380190F8E70498016888685E
:1015700040F00800886002F0E9FA0290FFE7049862
:10158000006880680007002822D5FFE702F0DEFA35
:101590000299401A0B281AD3FFE704980068806864
:1015A0000007002812D5FFE70498806A40F0100079
:1015B00020F0020004998862FFE70499002081F876
:1015C0002400FFE701208DF8170048E0FFE7D6E789
:1015D00004980168886840F00400886002F0B6FA58
:1015E0000290FFE70498006880684007002822D531
:1015F000FFE702F0ABFA0299401A0B281AD3FFE773
:101600000498006880684007002812D5FFE7049816
:10161000806A40F0100020F0020004998862FFE721
:101620000499002081F82400FFE701208DF81700BD
:1016300015E0FFE7D6E70498806A40F0010020F04B
:10164000020004998862FFE7FFE70499002081F80F
:101650002400FFE79DF80F008DF81700FFE79DF8C5
:10166000170006B080BD000089B0079006910020E9
:101670008DF8170004900798806808B1FFE7FFE72E
:10168000FFE7079890F82400012804D1FFE7022023
:101690008DF8230096E10799012081F82400FFE7E7
:1016A000FFE707988068E0B9FFE7069840680128DF
:1016B0000DD1FFE707980068806B6FF3150006995E
:1016C000096840EAC13007990968886308E007990A
:1016D000886A40F02000886201208DF81700FFE73B
:1016E00039E006994868096988421FD8FFE70798DA
:1016F0000068806B069B1A685968D3F810C0A1EB8C
:101700000C0101EB810101F10F031F219940884376
:1017100020F440100021CFF6F07101EB0C519A40FB
:101720001143084307990968886313E00798006824
:10173000806B069A51681269891A01EB810101F1E7
:101740000F021F219140884320F440100799096837
:101750008863FFE7FFE7079800688068C00760BB01
:10176000FFE707980068806847F20101884303900B
:101770000798006843F60041C4F20101884211D184
:10178000FFE706988069B0F5C04F04D1FFE74FF43A
:101790008040029003E0069880690290FFE702987B
:1017A000019003E0069880690190FFE70398019992
:1017B0000843079909688860FFE70698407D01287B
:1017C00017D1FFE706988069B0F5E04F07D1FFE732
:1017D00007980168486840F48060486008E007990D
:1017E000886A40F02000886201208DF81700FFE72A
:1017F000FFE70698007D012815D1FFE70698407D98
:1018000038B9FFE707980168486840F4805048609D
:1018100008E00799886A40F02000886201208DF86E
:101820001700FFE7FFE7069800680A2812D3FFE7D2
:1018300007980068C06806990A68896802EB420246
:101840001E3A07239340984391400843079909683B
:10185000C86010E007980068006906990A688968FE
:1018600002EB4202072393409843914008430799B3
:1018700009680861FFE706980068102805D0FFE7AF
:1018800006980068112807D1FFE707980168886863
:1018900040F400008860FFE7069840680138014680
:1018A000009103282CD80099DFE801F0020F1C29D1
:1018B00007980068406940F6FF7188430699C96837
:1018C000084307990968486127E00798006880691C
:1018D00040F6FF7188430699C9680843079909686B
:1018E00088611AE007980068C06940F6FF71884374
:1018F0000699C968084307990968C8610DE0FFE7C0
:1019000007980068006A40F6FF7188430699C96825
:101910000843079909680862FFE7069800681028DD
:1019200005D0FFE706980068112840D1FFE7079827
:10193000006842F20041C4F2010188422DD1FFE764
:101940000798006880680002002825D4FFE7079800
:101950000168886840F400008860069800681028D4
:1019600019D1FFE740F21800C2F2000000684DF6FE
:101970008361C4F21B31A0FB0110800C00EB8000DE
:1019800040000490FFE7049820B1FFE70498013875
:101990000490F8E7FFE7FFE708E00799886A40F05E
:1019A0002000886201208DF81700FFE7FFE7FFE7BE
:1019B0000799002081F82400FFE79DF817008DF8B3
:1019C0002300FFE79DF8230009B0704700000000E6
:1019D000F0B599B018901898006841F27401C2F2FD
:1019E00000010968884240F00382FFE740F6C80022
:1019F000C2F200004078052803D1FFE705F0E4FAC1
:101A0000F6E141F20400CEF200001690006841F2C7
:101A10008431C2F200011791086040F60040C4F220
:101A20000100202102F066F840F25000C2F20000EE
:101A3000099007F095FC099890ED000A40F6D00057
:101A4000C2F20000139090ED081A20EE010ADFEDBB
:101A5000EC0A0AF0A1FC099981ED040A40F29C000D
:101A6000C2F200000A90006891ED040AFFF702F844
:101A70000A9840F60C11C2F200010B9181ED000AA8
:101A8000006890ED090A90ED0A1A9FEDDE2A21EE1A
:101A9000021A9FEDDD2A20EE020A30EE010A80EDE7
:101AA0000A0A42F23C40C4F20100016840F6D870D4
:101AB000C2F200000C90018242F63C01C4F2010126
:101AC0000968C18190ED070AB8EEC01A018A00EEDC
:101AD000101AB8EEC00A30EE410A9FEDCC1A20EE83
:101AE000010A80ED020A90ED060AB8EEC02AC1890B
:101AF00000EE101AB8EEC00A30EE420A20EE010ADB
:101B000080ED010A90ED011A90ED020AB1EE400A53
:101B100030EE410A80ED000A90ED000AD0ED010A96
:101B200090ED021A08F03EFC40F24000C2F20000C4
:101B3000008800EE100AB8EEC00A9FEDB51A20EE3C
:101B4000010A40F67010C2F2000080ED000A41F276
:101B50005030C2F200000E90B0EE080A9FEDAD1AB0
:101B6000F0EE410A0AF0B8F80B9890ED000A41F245
:101B70002C00C2F200001290FFF7EAF8DDF830E026
:101B8000DEF80000DEF80410DEF80820DEF80C3085
:101B9000DEF810C0DEF81440DEF81850DEF81C60E5
:101BA00040F6F877C2F200070D97EE46CEF81070B7
:101BB000CEF80C60CEF80850CEF80440CEF800C045
:101BC000FFF7DEF80D99129891ED000AD1ED010AA8
:101BD00090ED001AD0ED011A41F20800C2F20000A7
:101BE0000F9005F0B1FB0E980F9991ED000A91ED61
:101BF000021A9FED893A21EE031A9FED882A20EE02
:101C0000020A30EE010A81ED000A0A688A6091ED4D
:101C1000010A91ED031A21EE031A20EE020A30EEBA
:101C2000010A81ED010A4A68CA60826940F6A4701F
:101C3000C2F200001090426240F67872C2F20002D6
:101C40001192002353620B6883624968916208F025
:101C500005F8119808F002F81098119A1299036982
:101C600041F21800C2F2000043601269026091ED77
:101C7000000AD1ED010A90ED001AD0ED011A41F2EF
:101C80000000C2F20000149005F034FC139914987F
:101C900091ED000A011DDFED620A05F0A3FB139927
:101CA000149891ED001A90ED000AD0ED010A41F26E
:101CB0002000C2F20000159041F27071FFF7FCFAAB
:101CC000159890ED000ABCEEC00A42F63441C4F209
:101CD000010181ED000A90ED010ABCEEC00A42F656
:101CE0003841C4F2010181ED000A90ED020ABCEE18
:101CF000C00A42F63C40C4F2010080ED000A04F044
:101D00003DFC16981799026840F6D470C2F20000A4
:101D1000026002680B68D21A40F6D073C2F2000368
:101D20001A6000680968884211D2FFE741F28430E6
:101D3000C2F20000016840F6D470C2F200000068F0
:101D4000401A40F6D071C2F20001086010E040F67F
:101D5000D470C2F20000006841F28431C2F2000186
:101D60000968401A40F6D071C2F200010860FFE72E
:101D700040F6D070C2F2000090ED000AB8EE400AC2
:101D800010EE100AFEF7DCFA41EC100B8DED060B9D
:101D900040F21800C2F200000068FEF7C4FA41ECFD
:101DA000100B9FED151B53EC112B51EC100BFEF794
:101DB0004BFA9DED060B41EC110B53EC112B51EC42
:101DC000100BFEF741FA41EC100B51EC100BFEF733
:101DD000CAFA41F2BC31C2F20001086041F234019A
:101DE000C2F2000141F6D110C0F600000860FFE722
:101DF00019B0F0BD00BF00BF0000000080842E417C
:101E0000DB0FC9409A99993E3333333F4333D33A7A
:101E10006740533C0AD7233DCCCC4C3ECDCC4C3F05
:101E20003333733F80B584B0029000208DF80700F3
:101E3000FFE7029890F82400012804D1FFE7022070
:101E40008DF80F008FE00299012081F82400FFE750
:101E5000FFE70298FEF7B0FD8DF807009DF8070038
:101E6000002874D1FFE70298806A40F4805042F263
:101E700001018843029988620298006842F60001D5
:101E8000C4F20101884209D1FFE742F20440C4F2E2
:101E90000100006810F4702F03D008E0002030B972
:101EA000FFE70299886A20F48010886205E00299B1
:101EB000886A40F480108862FFE70298806AC00553
:101EC000002804D4FFE702990020C862FFE7FFE77B
:101ED0000299002081F82400FFE7029801686FF062
:101EE00004000860029800684068400500282DD46E
:101EF000FFE702980068806800F4E040B0F5E04F2A
:101F00001CD1FFE70298006842F60001C4F201010B
:101F1000884209D1FFE742F20440C4F201000068A0
:101F200010F4702F03D009E0002038B9FFE70298C1
:101F30000168886840F40210886006E00298016831
:101F4000886840F400408860FFE7FFE706E0FFE7AD
:101F50000299002081F82400FFE7FFE79DF80700C1
:101F60008DF80F00FFE79DF80F0004B080BD000062
:101F700080B584B0029000208DF80700FFE702983A
:101F800090F82400012804D1FFE702208DF80F000B
:101F900095E00299012081F82400FFE7FFE702980D
:101FA000FEF70AFD8DF807009DF8070000287AD19A
:101FB000FFE70298806A40F4805042F201018843B2
:101FC000029988620298006842F60001C4F2010199
:101FD000884209D1FFE742F20440C4F201000068E0
:101FE00010F4702F03D008E0002030B9FFE7029909
:101FF000886A20F48010886205E00299886A40F4BB
:1020000080108862FFE70298806AC005002804D427
:10201000FFE702990020C862FFE7FFE7029900206E
:1020200081F82400FFE7029801686FF0040008605F
:1020300002980168486840F0800048600298006893
:102040004068400500282DD4FFE7029800688068AA
:1020500000F4E040B0F5E04F1CD1FFE702980068C3
:1020600042F60001C4F20101884209D1FFE742F2C1
:102070000440C4F20100006810F4702F03D009E09E
:10208000002038B9FFE702980168886840F4021020
:10209000886006E002980168886840F40040886023
:1020A000FFE7FFE706E0FFE70299002081F8240040
:1020B000FFE7FFE79DF807008DF80F00FFE79DF8A9
:1020C0000F0004B080BD000080B584B002900020F5
:1020D0008DF80700FFE7029890F82400012804D14A
:1020E000FFE702208DF80F0039E00299012081F806
:1020F0002400FFE7FFE70298806AC00500281AD491
:10210000FFE70298006840684005002813D4FFE705
:102110000298FEF7B1FB8DF807009DF8070048B95B
:10212000FFE70298806A40F0010020F4885002998D
:102130008862FFE708E00299886A40F02000886220
:1021400001208DF80700FFE7FFE70299002081F8E2
:102150002400FFE79DF807008DF80F00FFE79DF8CA
:102160000F0004B080BD000080B584B00290002054
:102170008DF80700FFE7029890F82400012804D1A9
:10218000FFE702208DF80F003FE00299012081F85F
:102190002400FFE7FFE70298806AC005002820D4EA
:1021A000FFE70298006840684005002819D4FFE75F
:1021B0000298FEF761FB8DF807009DF8070078B9DB
:1021C000FFE702980168486820F0800048600298A4
:1021D000806A40F0010020F4885002998862FFE78D
:1021E00008E00299886A40F02000886201208DF89A
:1021F0000700FFE7FFE70299002081F82400FFE7CE
:102200009DF807008DF80F00FFE79DF80F0004B060
:1022100080BD000085B00390029100208DF807007A
:102220000090FFE7039890F82400012804D1FFE70D
:1022300002208DF81300C3E00399012081F82400E7
:10224000FFE7FFE702984068062812D8FFE70398E7
:102250000068406B029A1168526802EB8202053AEC
:102260001F239340984391400843039909684863AA
:1022700029E0029840680C2812D8FFE7039800680C
:10228000006B029A1168526802EB8202233A1F2304
:10229000934098439140084303990968086311E00B
:1022A00003980068C06A029A1168526802EB8202C1
:1022B000413A1F239340984391400843039909688A
:1022C000C862FFE7FFE7029800680A2812D3FFE719
:1022D00003980068C06802990A68896802EB4202A4
:1022E0001E3A072393409843914008430399096895
:1022F000C86010E003980068006902990A6889685C
:1023000002EB42020723934098439140084303990C
:1023100009680861FFE702980068102805D0FFE708
:1023200002980068112840D1FFE70398006842F244
:102330000041C4F2010188422DD1FFE703980068F3
:1023400080680002002825D4FFE7039801688868A8
:1023500040F40000886002980068102819D1FFE757
:1023600040F21800C2F2000000684DF68361C4F22A
:102370001B31A0FB0110800C00EB8000400000909E
:10238000FFE7009820B1FFE7009801380090F8E7D8
:10239000FFE7FFE708E00399886A40F020008862C1
:1023A00001208DF80700FFE7FFE7FFE70399002012
:1023B00081F82400FFE79DF807008DF81300FFE780
:1023C0009DF8130005B0704781B0009001B07047D0
:1023D00081B0009001B0704781B0009001B07047AB
:1023E00080B584B003900398006800680290039859
:1023F0000068406801909DF804008006002841D5DF
:10240000FFE79DF80800800700283AD5FFE703980A
:10241000806AC006002806D4FFE70399886A40F462
:1024200000708862FFE703980068806800F460200D
:10243000B0F5602F1CD1FFE70398007BC0B9FFE720
:1024400003980168486820F0200048600399886A72
:1024500020F4807088620398806AC004002806D443
:10246000FFE70399886A40F001008862FFE7FFE711
:102470000398FFF7A9FF039801686FF01200086046
:10248000FFE7FFE79DF804000006002851D5FFE7AD
:102490009DF80800400700284AD5FFE70398806AA6
:1024A000C006002806D4FFE70399886A40F400506C
:1024B0008862FFE703980068806800F4E040B0F5A8
:1024C000E04F14D0FFE703980068406840050028FB
:1024D00025D4FFE703980068806800F46020B0F519
:1024E000602F1CD1FFE70398007BC0B9FFE703987A
:1024F0000168486820F0800048600399886A20F4E9
:10250000805088620398806AC005002806D4FFE7DF
:102510000399886A40F001008862FFE7FFE70398AB
:10252000FFF756FA039801686FF00C000860FFE7A8
:10253000FFE79DF804004006002814D5FFE79DF84A
:102540000800C00770B1FFE70399886A40F4803043
:102550008862039800F034F9039801686FF0010075
:102560000860FFE7FFE704B080BD000080B58CB0D5
:102570000A9000208DF827000890079006900A988E
:1025800020B9FFE701208DF82F0014E10A98806838
:1025900030B1FFE70A98007D08B1FFE7FFE7FFE7EA
:1025A0000A98806A50B9FFE70A990020C8620A9920
:1025B00081F824000A9800F007F9FFE70A98FEF76F
:1025C0005BF98DF827000A98806AC006002800F1A0
:1025D000E480FFE79DF82700002840F0DE80FFE759
:1025E0000A98806A40F0020020F488500A998862B4
:1025F0000A9908684968059143F60041C4F201014F
:10260000884211D1FFE70A98C069B0F5402F04D184
:10261000FFE74FF40020049003E00A98C06904909B
:10262000FFE70498039003E00A98C0690390FFE76E
:102630000598039908430A99097B40EA41010798E4
:10264000084307900A9881680120B1F5807F0290C5
:1026500008D0FFE70A9880680138B0FA80F0400996
:102660000290FFE702990898CA0740F48071002A97
:1026700018BF084608900A98007D01281ED1FFE780
:102680000A98007B70B9FFE70A9881694EF2000052
:10269000CFF6FF7000EB41300899084340F400602A
:1026A00008900AE00A99886A40F0200088620A9936
:1026B000C86A40F00100C862FFE7FFE70A980068B7
:1026C000406820F46940089908430A9909684860FD
:1026D0000A98006880684FF2FD71CFF6E1710840FA
:1026E000079908430A99096888600A988168012057
:1026F000B1F5807F019008D0FFE70A988068013823
:10270000B0FA80F040090190FFE7019800F0010065
:10271000002818BF4FF48070B0F5807F09D1FFE723
:102720000A9801690020CFF6F07000EB0150069086
:10273000FFE70A980068C06A20F470000699084311
:102740000A990968C8620A980068806840F6FE61C4
:10275000CFF61F710840079988420CD1FFE70A990C
:102760000020C8620A98806A40F0010020F0020050
:102770000A99886210E00A98806A40F0100020F000
:1027800002000A9988620A99C86A40F00100C8628A
:1027900001208DF82700FFE708E00A99886A40F0D9
:1027A0001000886201208DF82700FFE79DF82700C0
:1027B0008DF82F00FFE79DF82F000CB080BD0000C2
:1027C00081B0009001B0704780B590B00F900020AC
:1027D0000E900D900C900B900F98006842F2004103
:1027E000C4F20101884277D1FFE7FFE741F2180008
:1027F000C4F20200016841F400710160006800F455
:1028000000700A900A98FFE7FFE741F21800C4F24F
:102810000200016841F010010160006800F0100042
:1028200009900998FFE7FFE741F21800C4F202009F
:10283000016841F004010160006800F004000890A4
:102840000898FFE729200B90032003900C9041F299
:102850000000C4F201000BA9049100F09FFF03984F
:102860000499D0220B920C9040F60000C4F20100B3
:1028700000F094FF41F2D400C2F20000059008215C
:10288000C4F2020101600021416081608022C260C7
:102890004FF4807202614FF48062426120228261B3
:1028A000C16100F079FE18B1FFE7FEF7FDFCFFE71C
:1028B000FFE70F9841F2D401C2F2000101620F98C4
:1028C0004862FFE7122002900121002201F0DAF9AC
:1028D000029801F0CDF93CE00F98006842F6000143
:1028E000C4F20101884233D1FFE7FFE741F218004B
:1028F000C4F20200016841F480610160006800F4E4
:10290000806007900798FFE7FFE741F21800C4F2E4
:102910000200016841F010010160006800F0100041
:1029200006900698FFE702200B9003200C9041F2DE
:102930000000C4F201000BA900F030FF122001904A
:102940000121002201F09EF9019801F091F9FFE7C1
:10295000FFE710B080BD000080B586B00490039101
:10296000029200208DF807000498006842F20041AE
:10297000C4F20101884209D0FFE70498006842F6DA
:102980000001C4F20101884209D1FFE742F204408C
:10299000C4F20100006800F47020009002E0002002
:1029A0000090FFE70098002840F0DC80FFE7FFE799
:1029B000049890F82400012804D1FFE702208DF844
:1029C0001700D8E00499012081F82400FFE7FFE711
:1029D0000498FDF7F1FF8DF807009DF80700002827
:1029E00040F0B880FFE70498806A40F4807040F6B9
:1029F00001618843049988620498006842F60001E6
:102A0000C4F20101884209D1FFE742F20440C4F256
:102A10000100006810F4702F03D018E00020B0B956
:102A2000FFE70499886A20F480108862049800689F
:102A300040684005002809D5FFE70498806A40F403
:102A4000805020F4005004998862FFE72CE004993C
:102A5000886A40F4801088620498006842F200415D
:102A6000C4F20101884209D0FFE70498006842F6E9
:102A70000001C4F20101884209D1FFE742F204409B
:102A8000C4F2010000684005002803D40BE00120D7
:102A900048B9FFE70498806A40F4805020F4005061
:102AA00004998862FFE7FFE70498806AC004002861
:102AB00006D5FFE70499C86A20F00600C86203E063
:102AC00004990020C862FFE7FFE70499002081F81D
:102AD0002400FFE70498016A40F6FD00C0F60000FC
:102AE00088620498016A40F6A110C0F60000C8622E
:102AF0000498016A40F67510C0F600000863049857
:102B000001686FF00200086004980168886840F46A
:102B10008070886004980168006A4C31039A029BB7
:102B200000F0B4FD04980068806800F46020B0F5FF
:102B3000602F07D1FFE704980168886840F4A0007F
:102B4000886006E004980168886840F48010886016
:102B5000FFE706E0FFE70499002081F82400FFE783
:102B6000FFE703E001208DF80700FFE79DF807006D
:102B70008DF81700FFE79DF8170006B080BD000034
:102B800083B0019000208DF80300019890F8210097
:102B900002280DD0FFE7019904208863FFE701991F
:102BA000002081F82000FFE701208DF80B0021E0D4
:102BB00001980168086820F00E000860019801681B
:102BC000086820F0010008600198C16B026C0120C8
:102BD00090404860FFE70199012081F82100FFE75C
:102BE0000199002081F82000FFE79DF803008DF88F
:102BF0000B00FFE79DF80B0003B0704780B596B05F
:102C0000159000208DF85300159890F821000228A7
:102C100007D0FFE715990420886301208DF8530041
:102C200074E115980168086820F00E000860159896
:102C30000168086820F0010008601598006881218B
:102C4000C4F202018842C0F0A880FFE7159800682E
:102C50000821C4F20201884203D1FFE7012013904A
:102C600094E0159800681C21C4F20201884203D147
:102C7000FFE71020129086E0159800683021C4F21A
:102C80000201884204D1FFE74FF48070119077E091
:102C9000159800684421C4F20201884204D1FFE77C
:102CA0004FF48050109068E0159800685821C4F2E5
:102CB0000201884204D1FFE74FF480300F9059E0C1
:102CC000159800686C21C4F20201884204D1FFE724
:102CD0004FF480100E904AE0159800688021C4F2ED
:102CE0000201884204D1FFE74FF080700D903BE075
:102CF0001598006840F20841C4F20201884203D1ED
:102D0000FFE701200C902CE01598006840F21C4170
:102D1000C4F20201884203D1FFE710200B901DE0AE
:102D20001598006840F23041C4F20201884204D193
:102D3000FFE74FF480700A900DE01598016840F2AB
:102D40004442C4F202024FF48030914208BF4FF473
:102D500080500A90FFE70A980B90FFE70B980C90C1
:102D6000FFE70C980D90FFE70D980E90FFE70E9887
:102D70000F90FFE70F981090FFE710981190FFE772
:102D800011981290FFE712981390FFE7139840F202
:102D90000441C4F202010860A5E01598006808210A
:102DA000C4F20201884203D1FFE70120099094E0B8
:102DB000159800681C21C4F20201884203D1FFE784
:102DC0001020089086E0159800683021C4F20201B6
:102DD000884204D1FFE74FF48070079077E01598A0
:102DE00000684421C4F20201884204D1FFE74FF495
:102DF0008050069068E0159800685821C4F20201DE
:102E0000884204D1FFE74FF48030059059E01598CF
:102E100000686C21C4F20201884204D1FFE74FF43C
:102E2000801004904AE0159800688021C4F20201E5
:102E3000884204D1FFE74FF0807003903BE0159883
:102E4000006840F20841C4F20201884203D1FFE762
:102E5000012002902CE01598006840F21C41C4F259
:102E60000201884203D1FFE7102001901DE0159870
:102E7000006840F23041C4F20201884204D1FFE709
:102E80004FF4807000900DE01598016840F24442C4
:102E9000C4F202024FF48030914208BF4FF48050D8
:102EA0000090FFE700980190FFE701980290FFE78C
:102EB00002980390FFE703980490FFE704980590B9
:102EC000FFE705980690FFE706980790FFE7079849
:102ED0000890FFE708980990FFE709980421C4F2D9
:102EE00002010860FFE71599012081F82100FFE742
:102EF0001599002081F82000FFE71598406B20B15C
:102F0000FFE71598416B8847FFE7FFE79DF85300FF
:102F100016B080BD80B5ACB02B902B98C06B00680C
:102F20002A902B980068006829902A982B99096CA0
:102F3000C8404007002840F17581FFE79DF8A400D4
:102F40004007002840F16E81FFE72B980068006879
:102F50008006002807D4FFE72B980168086820F056
:102F600004000860FFE72B9800688121C4F2020189
:102F70008842C0F0A880FFE72B9800680821C4F2BF
:102F80000201884203D1FFE70420289094E02B98A7
:102F900000681C21C4F20201884203D1FFE74020EF
:102FA000279086E02B9800683021C4F20201884205
:102FB00004D1FFE74FF48060269077E02B980068FB
:102FC0004421C4F20201884204D1FFE74FF480405B
:102FD000259068E02B9800685821C4F202018842CD
:102FE00004D1FFE74FF48020249059E02B9800682B
:102FF0006C21C4F20201884204D1FFE74FF4800043
:1030000023904AE02B9800688021C4F20201884294
:1030100004D1FFE74FF0806022903BE02B980068DE
:1030200040F20841C4F20201884203D1FFE70420C4
:1030300021902CE02B98006840F21C41C4F2020160
:10304000884203D1FFE7402020901DE02B980068C4
:1030500040F23041C4F20201884204D1FFE74FF44C
:1030600080601F900DE02B98016840F24442C4F24A
:1030700002024FF48020914208BF4FF480401F901D
:10308000FFE71F982090FFE720982190FFE7219805
:103090002290FFE722982390FFE723982490FFE7F0
:1030A00024982590FFE725982690FFE726982790FB
:1030B000FFE727982890FFE7289840F20441C4F2E0
:1030C00002010860A5E02B9800680821C4F2020103
:1030D000884203D1FFE704201E9094E02B980068FB
:1030E0001C21C4F20201884203D1FFE740201D9059
:1030F00086E02B9800683021C4F20201884204D196
:10310000FFE74FF480601C9077E02B980068442123
:10311000C4F20201884204D1FFE74FF480401B90C3
:1031200068E02B9800685821C4F20201884204D15B
:10313000FFE74FF480201A9059E02B9800686C212B
:10314000C4F20201884204D1FFE74FF480001990D5
:103150004AE02B9800688021C4F20201884204D121
:10316000FFE74FF0806018903BE02B98006840F23A
:103170000841C4F20201884203D1FFE704201790FE
:103180002CE02B98006840F21C41C4F202018842F6
:1031900003D1FFE7402016901DE02B98006840F215
:1031A0003041C4F20201884204D1FFE74FF480604D
:1031B00015900DE02B98016840F24442C4F20202DF
:1031C0004FF48020914208BF4FF480401590FFE7F4
:1031D00015981690FFE716981790FFE71798189024
:1031E000FFE718981990FFE719981A90FFE71A98C7
:1031F0001B90FFE71B981C90FFE71C981D90FFE7B2
:103200001D981E90FFE71E980421C4F20201086079
:10321000FFE72B98C06A20B1FFE72B98C16A884767
:10322000FFE7B7E12A982B99096CC840800700286E
:1032300040F17F81FFE79DF8A4008007002840F15E
:103240007881FFE72B9800680068800600280BD47F
:10325000FFE72B980168086820F00A0008602B99A6
:10326000012081F82100FFE72B9800688121C4F23A
:1032700002018842C0F0A880FFE72B98006808216F
:10328000C4F20201884203D1FFE70220149094E0C7
:103290002B9800681C21C4F20201884203D1FFE789
:1032A0002020139086E02B9800683021C4F20201A0
:1032B000884204D1FFE74FF40070129077E02B981A
:1032C00000684421C4F20201884204D1FFE74FF4B0
:1032D0000050119068E02B9800685821C4F2020158
:1032E000884204D1FFE74FF40030109059E02B984A
:1032F00000686C21C4F20201884204D1FFE74FF458
:1033000000100F904AE02B9800688021C4F202015F
:10331000884204D1FFE74FF000700E903BE02B98FD
:10332000006840F20841C4F20201884203D1FFE77D
:1033300002200D902CE02B98006840F21C41C4F252
:103340000201884203D1FFE720200C901DE02B985A
:10335000006840F23041C4F20201884204D1FFE724
:103360004FF400700B900DE02B98016840F244423E
:10337000C4F202024FF40030914208BF4FF40050F3
:103380000B90FFE70B980C90FFE70C980D90FFE770
:103390000D980E90FFE70E980F90FFE70F98109092
:1033A000FFE710981190FFE711981290FFE712982D
:1033B0001390FFE713981490FFE7149840F204412C
:1033C000C4F202010860A5E02B9800680821C4F24D
:1033D0000201884203D1FFE702200A9094E02B9873
:1033E00000681C21C4F20201884203D1FFE72020BB
:1033F000099086E02B9800683021C4F202018842CF
:1034000004D1FFE74FF40070089077E02B98006834
:103410004421C4F20201884204D1FFE74FF4005076
:10342000079068E02B9800685821C4F20201884296
:1034300004D1FFE74FF40030069059E02B98006864
:103440006C21C4F20201884204D1FFE74FF400105E
:1034500005904AE02B9800688021C4F2020188425E
:1034600004D1FFE74FF0007004903BE02B98006818
:1034700040F20841C4F20201884203D1FFE7022072
:1034800003902CE02B98006840F21C41C4F202012A
:10349000884203D1FFE7202002901DE02B980068AE
:1034A00040F23041C4F20201884204D1FFE74FF4F8
:1034B000007001900DE02B98016840F24442C4F284
:1034C00002024FF40030914208BF4FF400500190C7
:1034D000FFE701980290FFE702980390FFE7039847
:1034E0000490FFE704980590FFE705980690FFE732
:1034F00006980790FFE707980890FFE7089809905B
:10350000FFE709980A90FFE70A980421C4F2020134
:103510000860FFE7FFE72B99002081F82000FFE714
:103520002B98806A20B1FFE72B98816A8847FFE7D4
:103530002FE02A982B99096CC8400007002827D54E
:10354000FFE79DF8A4000007002821D5FFE72B988E
:103550000168086820F00E0008602B98C26B016CAF
:10356000012000FA01F151602B9988632B9981F8B1
:103570002100FFE72B99002081F82000FFE72B981E
:10358000006B20B1FFE72B98016B8847FFE7FFE74F
:10359000FFE7FFE72CB080BD83B0019000200090D2
:1035A000019820B9FFE701208DF80B006AE001982F
:1035B000006840F20741C4F20201884218D8FFE7D0
:1035C000019908684FF6F872CBF6FD7210444CF67C
:1035D000CD42CCF6CC42A0FB02026FF0030000EA21
:1035E0009200086401990020C4F20200C86318E048
:1035F000019908684FF6F832CBF6FD7210444CF68C
:10360000CD42CCF6CC42A0FB02026FF0030000EAF0
:1036100092000864019940F20040C4F20200C863BD
:10362000FFE70199022081F82100019800680068F5
:103630000090009843F6F071884300900199486823
:10364000D1F808C0CB680A6940EA0C00184310435F
:103650004A6910438A691043C969014300980843C5
:10366000009000980199096808600199002088631A
:10367000019A012182F82110019981F820008DF82A
:103680000B00FFE79DF80B0003B0704780B586B0D4
:10369000049003910292019300208DF80300FFE74C
:1036A000049890F82000012804D1FFE702208DF84B
:1036B00017004CE00499012081F82000FFE7FFE7A4
:1036C000049890F82100012832D1FFE704990220E4
:1036D00081F8210004990020886304980168086833
:1036E00020F00100086004980399029A019BFDF7FD
:1036F00095FB0498C06A38B1FFE704980168086830
:1037000040F00E0008600CE004980168086820F0A2
:103710000400086004980168086840F00A00086026
:10372000FFE704980168086840F00100086009E0BC
:10373000FFE70499002081F82000FFE702208DF8C0
:103740000300FFE79DF803008DF81700FFE79DF8E1
:10375000170006B080BD000080B584B0039000F073
:10376000F5F90290039801900198013048B1FFE704
:1037700040F22E00C2F20000017801980844019046
:10378000FFE7FFE700F0E2F90299401A0199884249
:1037900001D2FFE7F6E704B080BD000092B01190BF
:1037A000109100200F900B90FFE7109800680F9980
:1037B000C840002800F09B81FFE70F990120884056
:1037C0000E90109800680E9908400D900D980E9973
:1037D000884240F08881FFE71098406807900028F1
:1037E00051D0FFE7079801283AD0FFE70798022851
:1037F0003FD0FFE7079803285FD0FFE7079811281D
:1038000032D0FFE70798122838D0FFE70798002149
:10381000C1F21101884236D0FFE707980021C1F2BA
:10382000120188422FD0FFE707980021C1F2210141
:10383000884228D0FFE707980021C1F22201884280
:1038400021D0FFE707980021C1F2310188421AD048
:10385000FFE707980021C1F23201884213D02FE020
:103860001098C0680B902CE01098C06804300B9042
:1038700027E01098C06808300B9022E01098C068CC
:103880000C300B901DE01098806818B9FFE70420F9
:103890000B9011E010988068012806D1FFE70820FE
:1038A0000B900E981199086105E008200B900E9876
:1038B00011994861FFE7FFE703E000200B9000E06B
:1038C000FFE70D98FF2803D8FFE71198069003E063
:1038D000119804300690FFE706980A900D98FF288B
:1038E00004D8FFE70F988000059006E00F996FF06D
:1038F0001F0000EB81000590FFE7059809900A98EA
:103900000068099A0F21914088430B999140084320
:103910000A9908601098C079C006002840F1E2803A
:10392000FFE7FFE741F21800C4F20200016841F02E
:1039300001010160006800F0010008900898FFE7AD
:103940000F9820F003000821C4F2010140580C90A8
:103950000F9800F0030081000F2000FA01F10C988D
:1039600088430C90119840F60001C4F2010188428E
:1039700003D1FFE70020049042E0119840F6004197
:10398000C4F20101884203D1FFE70120039034E033
:10399000119841F20001C4F20101884203D1FFE70E
:1039A0000220029026E0119841F20041C4F2010188
:1039B000884203D1FFE70320019018E0119841F6F7
:1039C0000001C4F20101884203D1FFE70420009006
:1039D0000AE0119941F60042C4F201020620914228
:1039E00008BF05200090FFE700980190FFE70198CD
:1039F0000290FFE702980390FFE703980490FFE727
:103A000004980F9901F00301890000FA01F10C9864
:103A100008430C900C980F9921F003010822C4F27E
:103A20000102885010988079C006002809D5FFE768
:103A30000D9A40F20841C4F2010108681043086081
:103A400008E00D9A40F20841C4F201010868904371
:103A50000860FFE7109880798006002809D5FFE705
:103A60000D9A40F20C41C4F201010868104308604D
:103A700008E00D9A40F20C41C4F20101086890433D
:103A80000860FFE7109880798007002809D5FFE7D4
:103A90000D9A40F20441C4F2010108681043086025
:103AA00008E00D9A40F20441C4F201010868904315
:103AB0000860FFE710988079C00748B1FFE70D9ACA
:103AC00040F20041C4F2010108681043086008E0B8
:103AD0000D9A40F20041C4F2010108689043086069
:103AE000FFE7FFE7FFE70F9801300F905DE612B0A8
:103AF0007047000083B00290ADF806100298C068CD
:103B00000090009ABDF8060002EA0001904340EAE6
:103B100001400299086103B07047000082B0019033
:103B2000ADF802108DF801209DF8010028B1FFE7E3
:103B3000BDF802000199086105E0BDF8020000042B
:103B400001990861FFE702B07047000041F2C03000
:103B5000C2F200000068704740F22E00C2F200007E
:103B6000027841F2C031C2F20001086810440860D6
:103B70007047000080B542F20001C4F202010868FB
:103B800040F010000860032000F096F80F2000F0CD
:103B900005F800F03BF8002080BD000080B582B041
:103BA000009040F21800C2F20000006840F22E01BE
:103BB000C2F200010A784FF47A71B1FBF2F1B0FB66
:103BC000F1F001F01BFB20B1FFE701208DF80700A9
:103BD00018E000980F280DD8FFE700994FF0FF304C
:103BE000002200F04FF8009840F23001C2F20001CC
:103BF000086003E001208DF8070003E000208DF845
:103C00000700FFE79DF8070002B080BD83B0FFE723
:103C100041F21800C4F20200016841F001010160A4
:103C2000006800F0010002900298FFE7FFE741F210
:103C30001C00C4F20200016841F08051016000687C
:103C400000F0805001900198FFE7FFE70421C4F2E3
:103C5000010108680090009820F0E0600090009852
:103C600040F00070009000980860FFE703B07047D4
:103C700080B582B08DF807009DF9070005F07CFA49
:103C800002B080BD80B586B08DF817000491039214
:103C90000020029005F088FA02909DF9170001902B
:103CA00002980499039A03F059F90146019805F026
:103CB00083FA06B080BD000080B582B00190019803
:103CC00005F09CFA02B080BD80B588B00790002056
:103CD00006900590049003900290079801380146E1
:103CE00001910F2800F2C2800199DFE801F06CAF6A
:103CF000BF64BFBFBF68BFBFBFBFBFBFBF0841F288
:103D00000400C4F202000068039041F20000C4F213
:103D100002000068C00100284CD5FFE70398C0F3FB
:103D200083414CF63860C0F60000405C04909DF87A
:103D30000E00C007F0B1FFE741F20400C4F2020038
:103D40000068C0F340414CF64860C0F60000405C9B
:103D500006909DF80E00C00758B1FFE7069941F2A2
:103D60000020C0F27A00B0FBF1F0049948430590BE
:103D7000FFE707E0049840F60011C0F23D01484318
:103D80000590FFE741F20400C4F20200006840021F
:103D9000002803D5FFE7059802900AE00598400047
:103DA0004AF6AB21CAF6AA21A0FB011040080290F6
:103DB000FFE7FFE75BE000F097FA029057E000F0C2
:103DC00093FA029053E041F22000C4F2020000682E
:103DD0000390039800F44070B0F5807F0AD1FFE7AC
:103DE0009DF80C008007002804D5FFE74FF4004041
:103DF00002902AE0039800F44070B0F5007F0DD1E6
:103E0000FFE741F22400C4F20200006880070028A6
:103E100004D5FFE749F64040029015E0039800F40E
:103E20004070B0F5407F0DD1FFE741F20000C4F2D1
:103E3000020000688003002804D5FFE74FF2244009
:103E4000029000E0FFE7FFE7FFE710E000F03AFA3A
:103E500041F20401C4F20201096801F44042022166
:103E600001EB5231B0FBF1F0029000E0FFE7029865
:103E700008B080BD80B586B0049000200390029009
:103E800004980078C007002800F0AC80FFE700200D
:103E90008DF8070041F21C00C4F202000068C00067
:103EA000002813D4FFE7FFE741F21C00C4F2020030
:103EB000016841F080510160006800F0805000907E
:103EC0000098FFE701208DF80700FFE747F20000A8
:103ED000C4F200000068C005002822D4FFE747F2C2
:103EE0000001C4F20001086840F480700860FFF728
:103EF0002DFE0390FFE747F20000C4F200000068C7
:103F0000C00500280CD4FFE7FFF720FE0399401AF4
:103F1000652804D3FFE703208DF817008AE0EAE75D
:103F2000FFE741F22000C4F20200006800F4407094
:103F300002900298E0B3FFE702980499496801F4FF
:103F40004071884234D0FFE741F22001C4F20201FF
:103F5000086820F44070029040F24042C4F24222CD
:103F60000120106000201060029808609DF8080091
:103F7000C007E0B1FFE7FFF7E9FD0390FFE741F27B
:103F80002000C4F202000068800700280ED4FFE77A
:103F9000FFF7DCFD0399401A41F28931884204D3CE
:103FA000FFE703208DF8170044E0E8E7FFE7FFE7AD
:103FB00041F22001C4F20201086820F44070049A22
:103FC0005268104308609DF80700012809D1FFE7F7
:103FD00041F21C01C4F20201086820F08050086020
:103FE000FFE7FFE704980078800700280CD5FFE77B
:103FF00041F20401C4F20201086820F44040049A2E
:10400000926810430860FFE704980078C006002813
:104010000CD5FFE741F20401C4F20201086820F464
:104020008000049A526910430860FFE700208DF871
:104030001700FFE79DF8170006B080BD80B584B07B
:1040400002900191029820B9FFE701208DF80F003E
:104050001BE1019842F20001C4F20201096801F07B
:104060000701884216D9FFE742F20000C4F20200BD
:10407000016821F00701019A11430160006800F016
:1040800007000199884204D0FFE701208DF80F0056
:10409000FBE0FFE702980078800700282AD5FFE7B9
:1040A000029800784007002809D5FFE741F2040193
:1040B000C4F20201086840F4E0600860FFE702987B
:1040C00000780007002809D5FFE741F20401C4F297
:1040D0000201086840F460500860FFE741F2040103
:1040E000C4F20201086820F0F000029A92681043BE
:1040F0000860FFE702980078C007002860D0FFE75B
:104100000298406801280ED1FFE741F20000C4F296
:10411000020000688003002804D4FFE701208DF826
:104120000F00B2E021E00298406802280ED1FFE7BC
:1041300041F20000C4F2020000688001002804D4AB
:10414000FFE701208DF80F009FE00DE041F2000035
:10415000C4F2020000688007002804D4FFE70120B1
:104160008DF80F0091E0FFE7FFE741F20401C4F290
:104170000201086820F00300029A526810430860A8
:10418000FFF7E4FC0090FFE741F20400C4F20200F4
:10419000006800F00C0002994968B0EB810F0ED066
:1041A000FFE7FFF7D3FC0099401A41F289318842BA
:1041B00004D3FFE703208DF80F0066E0E4E7FFE794
:1041C000019842F20001C4F20201096801F00701FE
:1041D000884216D2FFE742F20000C4F202000168F2
:1041E00021F00701019A11430160006800F0070007
:1041F0000199884204D0FFE701208DF80F0044E0C8
:10420000FFE702980078400700280CD5FFE741F24D
:104210000401C4F20201086820F4E060029AD26846
:1042200010430860FFE702980078000700280DD5CA
:10423000FFE741F20401C4F20201086820F4605073
:10424000029A126940EAC2000860FFE700F04CF8E9
:1042500041F20401C4F202010968C9B20A094CF62C
:104260002061C0F60001895CC84040F21801C2F22A
:104270000001086040F23000C2F200000068FFF761
:104280008DFC00208DF80F00FFE79DF80F0004B0B3
:1042900080BD000040F21800C2F2000000687047C4
:1042A00080B5FFF7F7FF41F20401C4F2020109688B
:1042B000C1F302224CF63061C0F60001895CC840AF
:1042C00080BD000080B5FFF7E5FF41F20401C4F2B4
:1042D00002010968C1F3C2224CF63061C0F6000148
:1042E000895CC84080BD000086B000200590049025
:1042F00003900290019041F20400C4F202000068B1
:104300000590059800F00C000146009100283FD070
:10431000FFE70098042804D0FFE70098082806D09B
:1043200037E041F20020C0F27A00019037E00598B2
:10433000C0F383414CF64A60C0F60000405C029036
:104340009DF81600C007C0B1FFE741F20400C4F2B7
:1043500002000068C0F340414CF65A60C0F600000D
:10436000405C0490029841F20021C0F27A01484377
:104370000499B0FBF1F0039007E0029840F60011B9
:10438000C0F23D0148430390FFE70398019006E027
:10439000FFE741F20020C0F27A000190FFE70198A8
:1043A00006B0704780B586B00490049820B9FFE746
:1043B00001208DF817002EE304980078C00700282C
:1043C00000F0AE80FFE741F20400C4F20200006892
:1043D00000F00C00042813D0FFE741F20400C4F2FF
:1043E0000200006800F00C0008281BD1FFE741F232
:1043F0000400C4F202000068C003002812D5FFE7E1
:1044000041F20000C4F2020000688003002808D5D1
:10441000FFE70498406820B9FFE701208DF81700F6
:10442000F9E27CE0FFE704984068B0F5803F09D1ED
:10443000FFE741F20001C4F20201086840F4803055
:10444000086032E00498406868B9FFE741F2000173
:10445000C4F20201086820F480300860086820F483
:104460008020086020E004984068B0F5A02F0DD1AE
:10447000FFE741F20001C4F20201086840F4802025
:104480000860086840F4803008600CE041F20001E8
:10449000C4F20201086820F480300860086820F443
:1044A00080200860FFE7FFE7FFE7FFE70498406828
:1044B000D0B1FFE7FFF74AFB0390FFE741F20000AE
:1044C000C4F202000068800300280CD4FFE7FFF765
:1044D0003DFB0399401A652804D3FFE703208DF8BC
:1044E000170098E2EAE719E0FFF730FB0390FFE7D7
:1044F00041F20000C4F202000068800300280CD5DD
:10450000FFE7FFF723FB0399401A652804D3FFE771
:1045100003208DF817007EE2EAE7FFE7FFE7FFE7F9
:10452000049800788007002840F18D80FFE741F271
:104530000400C4F20200006810F00C0F13D0FFE773
:1045400041F20400C4F20200006800F00C000828E8
:1045500029D1FFE741F20400C4F202000068C00361
:10456000002820D4FFE741F20000C4F202000068F6
:104570008007002809D5FFE704980069012804D0C6
:10458000FFE701208DF8170045E241F20001C4F277
:104590000201086820F0F800049A526940EAC2005B
:1045A0000860FFE74EE00498006958B3FFE7002178
:1045B000C4F2422101200860FFF7C8FA0390FFE728
:1045C00041F20000C4F202000068800700280CD409
:1045D000FFE7FFF7BBFA0399401A032804D3FFE76C
:1045E00003208DF8170016E2EAE741F20001C4F259
:1045F0000201086820F0F800049A526940EAC200FB
:1046000008601EE00021C4F2422100200860FFF78C
:104610009DFA0390FFE741F20000C4F20200006837
:10462000800700280CD5FFE7FFF790FA0399401A9E
:10463000032804D3FFE703208DF81700EBE1EAE736
:10464000FFE7FFE7FFE7049800780007002848D558
:10465000FFE70498806918B3FFE740F28041C4F295
:10466000422101200860FFF771FA0390FFE741F251
:104670002400C4F202000068800700280CD4FFE781
:10468000FFF764FA0399401A032804D3FFE70320D5
:104690008DF81700BFE1EAE7012002F085FE1FE078
:1046A00040F28041C4F2422100200860FFF74EFA38
:1046B0000390FFE741F22400C4F202000068800783
:1046C00000280CD5FFE7FFF741FA0399401A0328A9
:1046D00004D3FFE703208DF817009CE1EAE7FFE72A
:1046E000FFE7049800784007002840F1D880FFE7F2
:1046F00000208DF8070041F21C00C4F2020000689F
:10470000C000002813D4FFE7FFE741F21C00C4F209
:104710000200016841F080510160006800F08050A3
:1047200000900098FFE701208DF80700FFE747F2AF
:104730000000C4F200000068C005002822D4FFE792
:1047400047F20001C4F20001086840F4807008607C
:10475000FFF7FCF90390FFE747F20000C4F2000006
:104760000068C00500280CD4FFE7FFF7EFF90399B4
:10477000401A652804D3FFE703208DF817004AE1AB
:10478000EAE7FFE7FFE70498C068012809D1FFE7DF
:1047900041F22001C4F20201086840F00100086003
:1047A00031E00498C06868B9FFE741F22001C4F223
:1047B0000201086820F001000860086820F0040089
:1047C00008601FE00498C06805280DD1FFE741F29A
:1047D0002001C4F20201086840F004000860086883
:1047E00040F0010008600CE041F22001C4F2020137
:1047F000086820F001000860086820F004000860E4
:10480000FFE7FFE7FFE7FFE70498C068E0B1FFE7D5
:10481000FFF79CF90390FFE741F22000C4F2020089
:104820000068800700280ED4FFE7FFF78FF903998F
:10483000401A41F28931884204D3FFE703208DF802
:104840001700E8E0E8E71BE0FFF780F90390FFE7D7
:1048500041F22000C4F202000068800700280ED553
:10486000FFE7FFF773F90399401A41F28931884253
:1048700004D3FFE703208DF81700CCE0E8E7FFE75B
:104880009DF80700012809D1FFE741F21C01C4F29D
:104890000201086820F080500860FFE7FFE70498F5
:1048A000C069002800F0B380FFE741F20400C4F2C1
:1048B0000200006800F00C00082800F08280FFE78A
:1048C0000498C06902285CD1FFE76021C4F242214C
:1048D00000200860FFF73AF90390FFE741F200007B
:1048E000C4F202000068800100280CD5FFE7FFF742
:1048F0002DF90399401A032804D3FFE703208DF80C
:10490000170088E0EAE70498006AB0F5803F0CD110
:10491000FFE741F20401C4F20201086820F400300C
:10492000049A926810430860FFE741F20401C4F260
:104930000201086820F47410049B1A6A5B6A1A4327
:10494000104308606021C4F2422101200860FFF793
:10495000FDF80390FFE741F20000C4F20200006896
:10496000800100280CD4FFE7FFF7F0F80399401A04
:10497000032804D3FFE703208DF817004BE0EAE794
:104980001EE06021C4F2422100200860FFF7DEF83B
:104990000390FFE741F20000C4F2020000688001CA
:1049A00000280CD5FFE7FFF7D1F80399401A032838
:1049B00004D3FFE703208DF817002CE0EAE7FFE7B8
:1049C00024E00498C069012804D1FFE701208DF894
:1049D000170020E041F20400C4F2020000680290D7
:1049E000029800F480300499096A884208D1FFE7F0
:1049F000029800F470100499496A884204D0FFE7D5
:104A000001208DF8170006E0FFE7FFE7FFE7002031
:104A10008DF81700FFE79DF8170006B080BD000075
:104A200081B0009001B0704780B586B005900598C0
:104A300000684068049005980068806803909DF8BD
:104A40000C0000F040010020B0EB911F11D1FFE7F6
:104A50000398C00768B1FFE79DF8100000F040011F
:104A60000020B0EB911F04D0FFE70598016C884748
:104A7000D6E09DF80C0000F002010020B0EB510FD1
:104A80000BD0FFE79DF810100020B0EBD11F04D031
:104A9000FFE70598416C8847C2E09DF80C0000F0E4
:104AA00020010020B0EB511F0AD1FFE79DF80C0058
:104AB00000F040010020B0EB911F00F0B180FFE753
:104AC0009DF8100000F020010020B0EB511F00F015
:104AD000A780FFE79DF80C0000F040010020B0EB3C
:104AE000911F28D0FFE7059890F85100032813D0B4
:104AF000FFE70599486D40F004004865FFE7002096
:104B0000029005980068C068029005980068806867
:104B100002900298FFE70DE0FFE700200190059862
:104B20000068C0680190059800688068019001984D
:104B3000FFE775E0FFE79DF80C0000F02001002082
:104B4000B0EB511F15D0FFE70599486D40F001000B
:104B50004865FFE700200090059800688068009095
:104B600005980168086820F0400008600098FFE799
:104B7000FFE70598406D002851D0FFE705980168D0
:104B8000486820F0E00048600599012081F8510054
:104B90009DF810008007002805D4FFE79DF810005D
:104BA000C007B8B3FFE705980168486820F0030024
:104BB00048600598C06CA0B1FFE70598C16C48F249
:104BC0004910C0F6000048630598C06CFEF716F85F
:104BD00030B1FFE70599486D40F040004865FFE7B8
:104BE000FFE70598806CA0B1FFE70598816C48F25B
:104BF0004910C0F6000048630598806CFDF7FEFF81
:104C000030B1FFE70599486D40F040004865FFE787
:104C1000FFE703E00598FFF703FFFFE7FFE7FFE784
:104C200006B080BD80B584B00290029820B9FFE73D
:104C300001208DF80F006DE00298406A60B9FFE72F
:104C400002984068B0F5827F01D1FFE703E0029946
:104C50000020C861FFE705E0029900200861029981
:104C60004861FFE7029900208862029890F851009D
:104C700040B9FFE70299002081F85000029800F047
:104C80004DF8FFE70299022081F85100029801686F
:104C9000086820F040000860029A0192116850688C
:104CA000D2F808C0D36800F482700CF4044C60445D
:104CB00003F400631844136903F0020318445369B2
:104CC00003F001031844936903F400731844D36993
:104CD00003F038031844136A03F080031843926A00
:104CE00002F40052104308600299488B00F004005F
:104CF0000968486002980168C86920F40060C861CA
:104D0000029900204865029A012182F851108DF81D
:104D10000F00FFE79DF80F0004B080BD80B58EB096
:104D20000D9000200C900B900A9009900D9800684F
:104D300043F60001C4F20001884240F08B80FFE797
:104D4000FFE741F21C00C4F20200016841F4804117
:104D50000160006800F4804008900898FFE7FFE7D2
:104D600041F21800C4F20200016841F0080101603C
:104D7000006800F0080007900798FFE74FF4204014
:104D8000099002200A9003200C9040F60040C4F2E3
:104D90000100039009A90491FEF700FD039804990E
:104DA0004FF480420992002205920A920B92FEF77C
:104DB000F5FC059941F21810C2F200000690442259
:104DC000C4F202020260416081608022C26001611F
:104DD00041618161C161FEF7DFFB18B1FFE7FCF7BC
:104DE00063FAFFE7FFE70D9841F21811C2F20001E4
:104DF000C1640D984862FFE741F25C10C2F2000006
:104E000002905821C4F2020101601021416000218A
:104E100081608022C260016141618161C161FEF7F0
:104E2000BBFB18B1FFE7FCF73FFAFFE7FFE70D9880
:104E300041F25C11C2F2000181640D984862FFE703
:104E40002420019002210022FEF71CFF0198FEF7AA
:104E50000FFFFFE70EB080BD80B58CB0DDF838C025
:104E60000A9009910892ADF81E3001200390FEF7D8
:104E70006DFE04900A9890F851008DF817000A987A
:104E800040680690BDF81E00ADF81C009DF81700A4
:104E9000012812D0FFE70698B0F5827F09D1FFE71D
:104EA0000A98806828B9FFE79DF81700042804D005
:104EB000FFE702208DF82F009BE1099838B1FFE74A
:104EC000089820B1FFE7BDF81E0020B9FFE70120D8
:104ED0008DF82F008DE1FFE70A9890F85000012827
:104EE00004D1FFE702208DF82F0082E10A9901200A
:104EF00081F85000FFE7FFE70A9890F85100042876
:104F000005D0FFE70A99052081F85100FFE70A99CB
:104F10000020486508990A9A9163BDF81E100A9A04
:104F2000D187BDF81E100A9A918709990A9A1163D0
:104F3000BDF81E100A9AD186BDF81E100A9A9186F5
:104F40000A9908640A9948640A980068006800F0A1
:104F50004000402807D0FFE70A980168086840F041
:104F600040000860FFE70A98C068B0F5006F40F0A5
:104F70008180FFE70A98406828B1FFE7BDF81C0070
:104F800001280ED1FFE70A980168006B0088C8600D
:104F90000A99086B023008630A99C88E0138C886DE
:104FA000FFE7FFE70A98C18E0120019039B9FFE7BA
:104FB0000A98C08F002818BF01200190FFE70198D0
:104FC000C007002855D0FFE70A980068806880076E
:104FD000002818D5FFE70A98C08EA0B1FFE7039814
:104FE000012810D1FFE70A980168006B0088C860AB
:104FF0000A99086B023008630A99C88E0138C8867E
:1050000000200390FFE70A9800688068C007A8B1F5
:10501000FFE70A98C08F88B1FFE70A980068C06868
:105020000A99896B08800A99886B023088630A990B
:10503000C88F0138C88701200390FFE7FEF786FD7F
:105040000499401A0E99884212D3FFE70E98013056
:1050500070B1FFE70A99012081F85100FFE70A9932
:10506000002081F85000FFE703208DF82F00C0E0FA
:1050700098E782E00A98406828B1FFE7BDF81C0075
:1050800001280ED1FFE70A980168006B00780873C9
:105090000A99086B013008630A99C88E0138C886DE
:1050A000FFE7FFE70A98C18E0120009039B9FFE7BA
:1050B0000A98C08F002818BF01200090FFE70098D1
:1050C000C007002858D0FFE70A980068806880076A
:1050D000002818D5FFE70A98C08EA0B1FFE7039813
:1050E000012810D1FFE70A980168006B0078087367
:1050F0000A99086B013008630A99C88E0138C8867E
:1051000000200390FFE70A9800688068C007A8B1F4
:10511000FFE70A98C08F88B1FFE70A980068C06867
:105120000A99896B08700A99886B013088630A991B
:10513000C88F0138C88701200390FFE7FEF706FDFE
:105140000499401A0E99884204D3FFE70E98013063
:1051500018B9FFE70E9870B9FFE70A99012081F8A6
:105160005100FFE70A99002081F85000FFE7032073
:105170008DF82F003DE095E7FFE70A980E99049A15
:1051800002F0F2FF68B1FFE70A9920204865FFE7C7
:105190000A99002081F85000FFE701208DF82F00C8
:1051A00027E00A98806870B9FFE7FFE700200290C7
:1051B0000A980068C06802900A98006880680290A7
:1051C0000298FFE7FFE70A99012081F85100FFE705
:1051D0000A99002081F85000FFE70A98406D20B13D
:1051E000FFE701208DF82F0003E000208DF82F004D
:1051F000FFE79DF82F000CB080BD000080B582B0A5
:105200000190019803F016F902B080BD81B00090C2
:1052100001B0704781B0009001B0704784B0029037
:10522000019100200090FFE7029890F83C000128CF
:1052300004D1FFE702208DF80F0044E0029901201D
:1052400081F83C00FFE7FFE7009820F0FF0001999C
:10525000C96808430090009820F44070019989685B
:1052600008430090009820F4806001994968084341
:105270000090009820F400600199096808430090AC
:10528000009820F480500199096908430090009823
:1052900020F400500199496908430090009820F4D7
:1052A00080400199C96908430090009802990968F3
:1052B0004864FFE70299002081F83C00FFE70020E6
:1052C0008DF80F00FFE79DF80F0004B07047000055
:1052D00085B003900291FFE7039890F83C00012805
:1052E00004D1FFE702208DF813006DE0039901203F
:1052F00081F83C00FFE7FFE70399022081F83D00B9
:1053000003980068406801900398006880680090E6
:10531000019820F0700001900298016801980843FC
:10532000019001980399096848600398006842F663
:105330000041C4F2010188422AD0FFE703980068C7
:1053400043F20041C4F20101884221D0FFE70398F3
:105350000068B0F1804F1BD0FFE70398006840F26F
:105360000041C4F20001884212D0FFE703980068B0
:1053700040F60001C4F20001884209D0FFE703981B
:10538000006840F60041C4F2000188420ED1FFE7F8
:10539000009820F08000009002984168009808432F
:1053A00000900098039909688860FFE7039901203D
:1053B00081F83D00FFE70399002081F83C00FFE7FA
:1053C00000208DF81300FFE79DF8130005B070472B
:1053D00080B582B00090009820B9FFE701208DF8D9
:1053E00007003FE0009890F83D0040B9FFE70099C2
:1053F000002081F83C00009800F038F8FFE70099A1
:10540000022081F83D00009951F8040B03F0A6F842
:105410000099012081F84600FFE70099012081F8FA
:105420003E00009981F83F00009981F84000009902
:1054300081F84100FFE7FFE70099012081F8420071
:10544000009981F84300009981F84400009981F89F
:105450004500FFE70099012081F83D0000208DF80C
:105460000700FFE79DF8070002B080BD80B586B059
:1054700005900598006842F60041C4F20101884297
:1054800023D1FFE7FFE741F21800C4F202000168F0
:1054900041F400610160006800F400600490049829
:1054A000FFE718200190002202921146FEF7EAFB66
:1054B0000198FEF7DDFB029A192003900121FEF707
:1054C000E1FB0398FEF7D4FBFFE706B080BD0000C8
:1054D00083B00190019890F83D00012804D0FFE7C7
:1054E00001208DF80B0059E00199022081F83D0060
:1054F00001980168C86840F00100C8600198006820
:1055000042F60041C4F2010188422AD0FFE7019827
:10551000006843F20041C4F20101884221D0FFE754
:1055200001980068B0F1804F1BD0FFE70198006838
:1055300040F20041C4F20001884212D0FFE7019816
:10554000006840F60001C4F20001884209D0FFE77C
:105550000198006840F60041C4F20001884212D16F
:10556000FFE701980068806800F00700009000984D
:10557000062807D0FFE701980168086840F001009D
:105580000860FFE706E001980168086840F0010044
:105590000860FFE700208DF80B00FFE79DF80B0087
:1055A00003B0704780B586B00490039100208DF859
:1055B0000B00FFE7049890F83C00012804D1FFE7B6
:1055C00002208DF81700ABE00499012081F83C001F
:1055D000FFE7FFE70499022081F83D000498006886
:1055E00080680190019820F077000190019820F4E4
:1055F0007F400190019804990968886003980068C9
:105600000090002872D0FFE7009810286ED0FFE7C6
:10561000009820286AD0FFE70098302866D0FFE77E
:105620000098402855D0FFE70098502837D0FFE772
:105630000098602840D0FFE7009870280BD0FFE763
:105640000098B0F5805F05D0FFE70098B0F5005FE7
:1056500016D052E055E004980068039B5A68996898
:10566000DB6803F043F804980068806801900198B3
:1056700040F077000190019804990968886040E043
:1056800004980068039B5A689968DB6803F02EF859
:1056900004980168886840F48040886031E004988C
:1056A0000068039A5168D26803F014FA04980068FD
:1056B000502103F035F824E004980068039A5168FB
:1056C000D26803F02FFA04980068602103F028F8EC
:1056D00017E004980068039A5168D26803F0FAF959
:1056E00004980068402103F01BF80AE00498006861
:1056F0000399096803F014F803E001208DF80B000A
:10570000FFE70499012081F83D00FFE7049900209C
:1057100081F83C00FFE79DF80B008DF81700FFE7CC
:105720009DF8170006B080BD81B0009001B07047B1
:1057300080B584B0039003980068C0680290039815
:105740000068006901909DF804008007002824D5B6
:10575000FFE79DF80800800700281DD5FFE70398A4
:1057600001686FF00200086103990120087703982F
:1057700000688069800720B1FFE70398FFF7D4FF36
:1057800006E0039800F012F9039800F007FAFFE72B
:10579000039900200877FFE7FFE79DF80400400722
:1057A000002825D5FFE79DF80800400700281ED5F2
:1057B000FFE7039801686FF0040008610399022075
:1057C000087703980068806910F4407F04D0FFE7F1
:1057D0000398FFF7A9FF06E0039800F0E7F80398A5
:1057E00000F0DCF9FFE7039900200877FFE7FFE707
:1057F0009DF804000007002824D5FFE79DF8080065
:10580000000700281DD5FFE7039801686FF0080026
:10581000086103990420087703980068C06980072D
:1058200020B1FFE70398FFF77FFF06E0039800F041
:10583000BDF8039800F0B2F9FFE70399002008775C
:10584000FFE7FFE79DF80400C006002825D5FFE725
:105850009DF80800C00600281ED5FFE703980168E0
:105860006FF010000861039908200877039800681A
:10587000C06910F4407F04D0FFE70398FFF754FF9E
:1058800006E0039800F092F8039800F087F9FFE72C
:10589000039900200877FFE7FFE79DF80400C007A1
:1058A00078B1FFE79DF80800C00748B1FFE703980B
:1058B00001686FF001000861039800F0CDFAFFE77E
:1058C000FFE79DF804000006002810D5FFE79DF8CB
:1058D00008000006002809D5FFE7039801686FF06B
:1058E000800008610398FFF791FCFFE7FFE79DF850
:1058F00004004006002810D5FFE79DF80800400688
:10590000002809D5FFE7039801686FF0400008619F
:10591000039800F0A5FAFFE7FFE79DF80400800672
:10592000002810D5FFE79DF808008006002809D55B
:10593000FFE7039801686FF0200008610398FFF704
:1059400069FCFFE7FFE704B080BD000080B586B0CA
:105950000590002004900390029001900598006843
:1059600042F60041C4F2010188421DD1FFE7FFE782
:1059700041F21800C4F20200016841F00401016024
:10598000006800F0040000900098FFE74FF4E0602A
:10599000019002200290049040F60000C4F2010041
:1059A00001A9FDF7FBFEFFE706B080BD81B00090C6
:1059B00001B0704780B586B0049003910292002038
:1059C0008DF80700FFE7049890F83C00012804D107
:1059D000FFE702208DF8170089E00499012081F883
:1059E0003C00FFE7FFE7029800900C2800F270806F
:1059F0000099DFE801F0076D6D6D206D6D6D3A6DFA
:105A00006D6D530004980068039902F09FFE04989E
:105A10000168886940F00800886104980168886915
:105A200020F004008861039802690498016888697D
:105A30001043886150E004980068039902F0FEFE6C
:105A400004980168886940F40060886104980168DE
:105A5000886920F48060886103980269049801686D
:105A6000886940EA0220886136E00498006803995A
:105A700002F060FF04980168C86940F00800C8613E
:105A800004980168C86920F00400C861039802699D
:105A900004980168C8691043C8611DE00498006853
:105AA000039902F0C3FF04980168C86940F40060DC
:105AB000C86104980168C86920F48060C8610398CF
:105AC000026904980168C86940EA0220C86103E0DD
:105AD00001208DF80700FFE7FFE70499002081F817
:105AE0003C00FFE79DF807008DF81700FFE79DF8E1
:105AF000170006B080BD000080B582B0009000980D
:105B000020B9FFE701208DF807003FE0009890F8EA
:105B10003D0040B9FFE70099002081F83C00009863
:105B200000F038F8FFE70099022081F83D00009965
:105B300051F8040B02F012FD0099012081F8460093
:105B4000FFE70099012081F83E00009981F83F00AD
:105B5000009981F84000009981F84100FFE7FFE7D4
:105B60000099012081F84200009981F843000099D2
:105B700081F84400009981F84500FFE70099012071
:105B800081F83D0000208DF80700FFE79DF8070031
:105B900002B080BD81B0009001B0704781B000902C
:105BA00001B0704780B58CB00A900991099828B966
:105BB000FFE70A9890F83E0007901CE00998042837
:105BC00005D1FFE70A9890F83F00069010E0099889
:105BD000082805D1FFE70A9890F84000059004E0F6
:105BE0000A9890F841000590FFE705980690FFE7B6
:105BF00006980790FFE70798012804D0FFE70120E7
:105C00008DF82F009FE0099828B9FFE70A99022034
:105C100081F83E001EE00998042806D1FFE70A99A2
:105C2000022081F83F00049012E00998082806D16C
:105C3000FFE70A99022081F84000039005E00A99E5
:105C4000022081F841000390FFE703980490FFE7EA
:105C50000498FFE70A98006809990122019202F06E
:105C600029FD01980A99096842F60042C4F201022E
:105C7000914202900CD0FFE70A9800684CF6004170
:105C8000CBF6FE710844B0FA80F040090290FFE7BD
:105C90000298C00738B1FFE70A980168486C40F4E1
:105CA00000404864FFE70A98006842F60041C4F2E9
:105CB000010188422AD0FFE70A98006843F20041B8
:105CC000C4F20101884221D0FFE70A980068B0F1D0
:105CD000804F1BD0FFE70A98006840F20041C4F2F1
:105CE0000001884212D0FFE70A98006840F60001E0
:105CF000C4F20001884209D0FFE70A98006840F624
:105D00000041C4F20001884212D1FFE70A980068FE
:105D1000806800F0070008900898062807D0FFE781
:105D20000A980168086840F001000860FFE706E093
:105D30000A980168086840F001000860FFE7002049
:105D40008DF82F00FFE79DF82F000CB080BD0000FC
:105D500080B586B0059004910598006804990022EA
:105D600002F0A8FC05980168012042F60042C4F246
:105D70000102914203900CD0FFE7059800684CF6B1
:105D80000041CBF6FE710844B0FA80F04009039060
:105D9000FFE70398C007D8B1FFE7FFE70598006861
:105DA000006A41F21111084210D1FFE7059800681E
:105DB000006A40F24441084207D1FFE705980168B4
:105DC000486C20F400404864FFE7FFE7FFE7FFE787
:105DD000FFE705980068006A41F21111084210D1EE
:105DE000FFE705980068006A40F24441084207D185
:105DF000FFE705980168086820F001000860FFE7E8
:105E0000FFE7FFE7049828B9FFE70599012081F82B
:105E10003E001EE00498042806D1FFE70599012002
:105E200081F83F00029012E00498082806D1FFE7AD
:105E30000599012081F84000019005E005990120B5
:105E400081F841000190FFE701980290FFE7029876
:105E5000FFE7002006B080BD81B0009001B0704720
:105E600081B0009001B0704782B00190ADF802108F
:105E700002B0704781B0009001B0704780B592B019
:105E80001190119800680068109011980068C0681F
:105E90000F901198006840690E9000200D900C90B2
:105EA000109800F00F000D900D9888B9FFE79DF84D
:105EB0004000800600280AD5FFE79DF83C008006D8
:105EC000002804D5FFE7119802F0C4FEE9E1FFE7DE
:105ED0000D98002800F0C280FFE79DF83800C00749
:105EE00038B9FFE7BDF83C0010F4907F00F0B680B1
:105EF000FFE79DF84000C00758B1FFE79DF83D005F
:105F0000C00730B1FFE71199486C40F001004864C8
:105F1000FFE79DF84000400700280BD5FFE79DF8FC
:105F20003800C00730B1FFE71199486C40F002001B
:105F30004864FFE79DF84000800700280BD5FFE785
:105F40009DF83800C00730B1FFE71199486C40F068
:105F500004004864FFE79DF840000007002811D5C1
:105F6000FFE79DF83C008006002805D4FFE79DF878
:105F70003800C00730B1FFE71199486C40F00800C5
:105F80004864FFE71198406C002866D0FFE79DF851
:105F90004000800600280AD5FFE79DF83C008006F7
:105FA000002804D5FFE7119802F054FEFFE711988E
:105FB00000684069C0F380100C901198406C000795
:105FC000002804D4FFE70C9800283ED0FFE7119882
:105FD00002F0E2FD119800684069400600282FD5C4
:105FE000FFE7FFE7FFE71198006850E8050F20F092
:105FF00040000B90FFE70B991198026842E80510EA
:106000000028F0D1FFE7FFE71198C06B98B1FFE7D8
:106010001198C16B48F67930C0F6000048631198BA
:10602000C06BFCF7EBFD28B1FFE71198C06B416B2B
:106030008847FFE703E01198FFF71CFFFFE703E045
:106040001198FFF717FFFFE706E01198FFF712FF1F
:10605000119900204864FFE7FFE722E11198006BE7
:10606000012840F0FE80FFE79DF84000C0060028B0
:1060700040F1F780FFE79DF83C00C006002840F1A2
:10608000F080FFE7FFE700200A90119800680068A1
:106090000A901198006840680A900A98FFE71198E2
:1060A000006840694006002840F18180FFE71198B0
:1060B000C06B00684068ADF82600BDF826000028D7
:1060C00074D0FFE7BDF826001199898D88426DDAFA
:1060D000FFE7BDF826001199C8851198C06B80694B
:1060E000202858D0FFE7FFE7FFE71198006850E845
:1060F000030F20F480700890FFE708991198026858
:1061000042E803100028F0D1FFE7FFE7FFE7FFE7D1
:106110001198006850E8050F20F001000790FFE794
:1061200007991198026842E805100028F0D1FFE7AE
:10613000FFE7FFE7FFE71198006850E8050F20F040
:1061400040000690FFE706991198026842E80510A2
:106150000028F0D1FFE7FFE71199202081F84200E5
:10616000119900200863FFE7FFE71198006850E8E5
:10617000030F20F010000590FFE7059911980268C1
:1061800042E803100028F0D1FFE7FFE71198C06B49
:10619000FCF7F6FCFFE71199022048631198818D06
:1061A000C28D891A89B2FFF75FFEFFE779E0119986
:1061B000888DC98D401AADF812001198C08D002845
:1061C0004ED0FFE7BDF81200002849D0FFE7FFE7F7
:1061D000FFE71198006850E8030F20F490700390D7
:1061E000FFE703991198026842E803100028F0D1F4
:1061F000FFE7FFE7FFE7FFE71198006850E8050FAA
:1062000020F001000290FFE702991198026842E82D
:1062100005100028F0D1FFE7FFE71199202081F851
:106220004200119900200863FFE7FFE7119800681A
:1062300050E8030F20F010000190FFE7019911983A
:10624000026842E803100028F0D1FFE7FFE7119948
:10625000022048631198BDF81210FFF705FEFFE712
:106260001FE09DF84000000600280AD5FFE79DF8D2
:106270003C000006002804D5FFE7119802F0FEFD5F
:106280000FE09DF84000400600280AD5FFE79DF882
:106290003C004006002804D5FFE7119802F0C6FC38
:1062A000FFE712B080BD000080B582B0009000987A
:1062B00020B9FFE701208DF8070040E000988069D1
:1062C00008B1FFE700E0FFE7009890F8410040B90F
:1062D000FFE70099002081F84000009800F034F8B2
:1062E000FFE70099242081F8410000980168C86800
:1062F00020F40050C860009802F062FD0098016828
:10630000086920F49040086100980168486920F00D
:106310002A00486100980168C86840F40050C860CD
:10632000009900204864009A202182F84110009AC8
:1063300082F84210009948638DF80700FFE79DF846
:10634000070002B080BD000080B58CB00B9000202B
:106350000A900990089007900B98006844F2004159
:10636000C4F20001884241D1FFE7FFE741F21C007F
:10637000C4F20200016841F400310160006800F4D9
:10638000003006900698FFE7FFE741F21800C4F2DC
:106390000200016841F004010160006800F004009F
:1063A00005900598FFE7042007900220089003203D
:1063B0000A9040F60000C4F20100019007A9029182
:1063C000FDF7ECF901980299082207920022039246
:1063D00008920992FDF7E2F9039A2620049005211C
:1063E000FDF750FC0498FDF743FCFFE70CB080BDBF
:1063F00081B0009001B0704781B0009001B070474B
:1064000080B594B0019003F0E7FF03F0E9FF41F29B
:106410001001C4F201011020086040F61001C4F21E
:1064200001012020086001980790079800680890F3
:1064300002201390139808B9FFE704E0139801387D
:10644000FDD11390FFE740F60800C4F20100006898
:1064500000F020010020B0EB511F01D0FFE78BE0DE
:1064600000200090FFE7009811283FDCFFE741F291
:106470001001C4F201014FF48010086001980690E9
:1064800006980068099002201290129808B9FFE758
:1064900004E012980138FDD11290FFE741F210019B
:1064A000C4F2010110200860019805900598006869
:1064B0000A9002201190119808B9FFE704E01198A2
:1064C0000138FDD11190FFE740F60800C4F2010049
:1064D000006800F020010020B0EB511F01D0FFE761
:1064E00004E0FFE7009801300090BCE740F610019F
:1064F000C4F201014FF40010086001980490049860
:1065000000680B9002201090109808B9FFE704E093
:1065100010980138FDD11090FFE741F21001C4F24C
:1065200001011020086001980390039800680C9006
:1065300002200F900F9808B9FFE704E00F98013888
:10654000FDD10F90FFE740F61001C4F201012020B9
:10655000086001980290029800680D9002200E9049
:106560000E9808B9FFE704E00E980138FDD10E90AF
:10657000FFE703F033FFFFE714B080BDD0B502AFF3
:106580008AB040F2C400C2F200000368042101EBAB
:1065900083016A4647F81C2C0B2202EB830222F08F
:1065A00007036A46D21A954647F8282C47F8201C5C
:1065B000006820B9FFE7012047F8240C79E057F87C
:1065C000280C47F80C0C012001F046FC57F80C1C75
:1065D000086057F80C0C043047F80C0C002047F802
:1065E000180CFFE757F8180C40F2C401C2F2000182
:1065F000096888424DDAFFE757F8181C40F630600A
:10660000C2F2000000EB0111896847F8141C57F82A
:10661000181C0901405847F8100C57F8180C0130A5
:1066200047F8180C57F8140C47F82C0C01280AD01E
:10663000FFE757F82C0C022811D0FFE757F82C0C75
:10664000042818D023E057F8100C007857F80C1CD9
:10665000087057F80C0C013047F80C0C18E057F88C
:10666000100C008857F80C1C088057F80C0C0230EE
:1066700047F80C0C0CE057F8100C006857F80C1C8D
:10668000086057F80C0C043047F80C0C00E0FFE7EA
:10669000A8E757F8281C40F21400C2F20000006876
:1066A00057F80C2C521A01F0C9FC002047F8240CB2
:1066B000FFE757F81C0C8546A7F10804A546D0BD96
:1066C00080B5CAB040F21400C2F2000000686A4609
:1066D0000021049111604DF29571C0F6000140F265
:1066E000C802C2F200024FF4006301F0A7FA049955
:1066F00040F21000C2F2000000686A4611604DF2DC
:106700008771C0F6000140F2A402C2F20002202309
:1067100001F042FA40F63060C2F200000390B0216E
:10672000F9F772FD03990498499148904790469073
:10673000FFE74698013046904698B0F5A02F0CDD53
:10674000FFE74DF24670C0F60000059040F2C4012C
:10675000C2F200010020086062E040F21000C2F2C4
:10676000000000684999479AC2F1B00201F0C0FAEE
:1067700048904898002801DCFFE7DAE748994998F3
:106780000844499048994798084447904798010918
:1067900040F2C400C2F200000160006808B9FFE7DF
:1067A000C7E740F2C400C2F20000016840F6306062
:1067B000C2F2000000EB011050F8080CF8B9FFE736
:1067C00040F2C400C2F20000016840F63060C2F23C
:1067D000000000EB011151F8100C51F80C1C08439B
:1067E00068B9FFE74CF6FC50C0F60000059040F297
:1067F000C401C2F2000108680138086010E047983F
:10680000B0280CD1FFE74DF26D70C0F60000059086
:1068100040F2C401C2F200010020086000E088E7F5
:1068200006A801904FF480710291F9F7EDFC0198F0
:106830000599F9F700FD0199029A40F21400C2F29D
:106840000000006801F0FAFB4AB080BD85B08DED14
:10685000040ACDED030A8DED021A9DED040A9DEDAB
:10686000031AB4EE410AF1EE10FA05DDFFE79DEDE3
:10687000030A8DED010A04E09DED040A8DED010A85
:10688000FFE79DED010A8DED040A9DED040A9DEDE3
:10689000021AB4EE410AF1EE10FA05DAFFE79DEDB7
:1068A000020A8DED000A04E09DED040A8DED000A58
:1068B000FFE79DED000A8DED040A9DED040A05B089
:1068C0007047000085B08DED040ACDED030A8DED13
:1068D000021A9DED040A9DED031AB4EE410AF1EE91
:1068E00010FA05DDFFE79DED030A8DED010A04E0D6
:1068F0009DED040A8DED010AFFE79DED010A8DED86
:10690000040A9DED040A9DED021AB4EE410AF1EE6F
:1069100010FA05DAFFE79DED020A8DED000A04E0AA
:106920009DED040A8DED000AFFE79DED000A8DED57
:10693000040A9DED040A05B07047000085B08DED96
:10694000040ACDED030A8DED021A9DED040A9DEDBA
:10695000031AB4EE410AF1EE10FA05DDFFE79DEDF2
:10696000030A8DED010A04E09DED040A8DED010A94
:10697000FFE79DED010A8DED040A9DED040A9DEDF2
:10698000021AB4EE410AF1EE10FA05DAFFE79DEDC6
:10699000020A8DED000A04E09DED040A8DED000A67
:1069A000FFE79DED000A8DED040A9DED040A05B098
:1069B0007047000080B58CB0002200920B920A92C2
:1069C000099208920792069205920492039202920B
:1069D00041F27400C2F20000019042F20041C4F2A0
:1069E0000101016082600121017302754FF460238F
:1069F000C36142600161FBF7B9FD18B1FFE7FAF727
:106A000053FCFFE70D20099001200A9007200B900E
:106A100041F27400C2F2000009A9FBF7FBFB18B1B8
:106A2000FFE7FAF741FCFFE70A20029001200390FC
:106A3000069004904FF48050089000208DF81D00BF
:106A40008DF81C00059041F27400C2F2000002A90A
:106A5000FAF70AFE18B1FFE7FAF726FCFFE70CB0D9
:106A600080BD000080B58AB0002201920992089290
:106A70000792069205920492039241F2A400C2F298
:106A80000000029042F60001C4F201010160826040
:106A90000121017302754FF46023C36142600161FB
:106AA000FBF764FD18B1FFE7FAF7FEFBFFE70B20E9
:106AB000039001200490079005904FF480500990B6
:106AC00000208DF821008DF82000069041F2A400EE
:106AD000C2F2000003A9FAF7C7FD18B1FFE7FAF701
:106AE000E3FBFFE70AB080BD80B586B0FFE741F267
:106AF0001400C4F20200016841F001010160006865
:106B000000F0010005900598FFE70E20019002219A
:106B1000029100220392FDF7B5F80198FDF7A8F85D
:106B20000299039A0F200490FDF7ACF80498FDF742
:106B30009FF806B080BD000080B596B0002015908B
:106B4000149013901290FFE741F21800C4F2020073
:106B5000016841F010010160006800F01000119020
:106B60001198FFE7FFE741F21800C4F20200016844
:106B700041F020010160006800F0200010901098A2
:106B8000FFE7FFE741F21800C4F20200016841F09C
:106B900004010160006800F004000F900F98FFE707
:106BA000FFE741F21800C4F20200016841F0080159
:106BB0000160006800F008000E900E98FFE741F2B7
:106BC0000000C4F2010007904FF4705100220892B7
:106BD000FCF7A4FF40F60000C4F20100059020215C
:106BE000009101220692FCF799FF069A079810215E
:106BF0000291FCF793FF069A40F60040C4F20100B0
:106C00000B904FF480510491FCF788FF0598089A87
:106C10004FF408410391FCF781FF069907984FF460
:106C2000005212921391149102210991159112A907
:106C30000C91FCF7B3FD009B0598089A0C991293F0
:106C4000112301931393149203220A921592FCF7D5
:106C5000A5FDDDF804C00798089B0A9A0C99DDF899
:106C600008E0CDF848E0CDF84CC014931592FCF73D
:106C700095FDDDF810C0069B0A9A0B980C99CDF88B
:106C800048C0139314931592FCF788FD0598DDF81E
:106C900018C0089B099A0C99DDF80CE0CDF848E083
:106CA000CDF84CC014931592FCF778FD049B059821
:106CB000089A0C9912930023C1F2110313931492B2
:106CC000FCF76CFDDDF818C00798089B099A0C9931
:106CD0004FF4E05ECDF848E0CDF84CC01493159227
:106CE000FCF75CFD089A0B980C994FF48073129393
:106CF00013921492FCF752FD099B0A9A0B980C9977
:106D00004FF4007CCDF848C013931592FCF746FD74
:106D1000FFE70421C4F2010108680D900D9820F4EA
:106D2000C0400D900D9840F0E0600D900D9840F43B
:106D300080400D900D980860FFE716B080BD000000
:106D400080B582B041F2A010C2F20000019043F67B
:106D50000001C4F2000101604FF482714160002122
:106D600081604FF40062C2600161012242614FF410
:106D7000007282611022C2610162416281620A2155
:106D8000C162FDF74FFF18B1FFE7FAF78DFAFFE791
:106D900002B080BD80B598B0002101911791169185
:106DA0001591149113911291119110910F910E91CF
:106DB0000D910C910B910A910991089107910691FF
:106DC00005910491039141F2F810C2F20000029083
:106DD00042F60042C4F20102026041604022826039
:106DE00041F27072C2600161416180218161FEF7F0
:106DF000EFFA18B1FFE7FAF757FAFFE74FF48050C0
:106E0000149041F2F810C2F2000014A9FEF7CAFB78
:106E100018B1FFE7FAF748FAFFE741F2F810C2F2BB
:106E20000000FEF769FE18B1FFE7FAF73DFAFFE749
:106E3000702012900020139041F2F810C2F200006E
:106E400012A9FEF745FA18B1FFE7FAF72DFAFFE7A6
:106E500060200B9040F6B8300C9000220D920E92FC
:106E60000F921092119241F2F810C2F200000BA999
:106E7000FEF7A0FD18B1FFE7FAF716FAFFE741F2B7
:106E8000F810C2F200000BA90422FEF793FD18B11E
:106E9000FFE7FAF709FAFFE741F2F810C2F2000043
:106EA0000BA90822FEF786FD18B1FFE7FAF7FCF9F7
:106EB000FFE741F23470C0F201000C9041F2F8108B
:106EC000C2F200000BA90C22FEF774FD18B1FFE717
:106ED000FAF7EAF9FFE70020039004900590069086
:106EE0004FF48051079108900A9041F2F810C2F2D5
:106EF000000003A9FEF792F918B1FFE7FAF7D4F9F9
:106F0000FFE741F2F810C2F20000FEF71FFD18B0D3
:106F100080BD000080B582B041F24020C2F2000086
:106F2000019044F20041C4F2000101604FF4E131EC
:106F3000416000218160C16001610C224261816178
:106F4000C161FFF7B1F918B1FFE7FAF7ADF9FFE753
:106F500002B080BDFFE7FEE7FFE7FEE788B00790DD
:106F600006910592079800F0070004900498C0F17C
:106F70000700052803D3FFE70420019004E00498EC
:106F8000C0F107000190FFE70198039004980430D6
:106F9000062803D8FFE70020009003E00498033898
:106FA0000090FFE70098029006980399012202FAE8
:106FB00001F101390840029B984005999A40013A35
:106FC0001140084308B0704780B540F60410C2F283
:106FD000000001880131018042F63C01C4F2010148
:106FE0000B6840F6D872C2F20002916919449161AF
:106FF00042F23C41C4F201010B68D1691944D161EC
:107000000088B0F57A7F35DBFFE740F6C801C2F2B1
:1070100000010020487040F60411C2F2000108800F
:1070200040F6D871C2F20001886944F6D352C1F229
:10703000620250FB02F3981100EBD3708861C869BB
:1070400050FB02F2901100EBD270C86141F2F810CF
:10705000C2F200000C21FEF77BFE41F27400C2F286
:107060000000FBF781F841F2A400C2F20000FBF738
:107070002BF8FFE780BD000080B582B041F2F81028
:10708000C2F2000001900021FEF762FE0198042187
:10709000FEF75EFE01980821FEF75AFE3220FCF74B
:1070A0005BFB019840F6C802C2F200020521517054
:1070B0000C21FEF777FD41F27400C2F20000FAF7EE
:1070C00057FF41F2A400C2F20000FAF7ABFE4FF402
:1070D0009670FCF741FB02B080BD000080B582B025
:1070E00041F2AE21C2F20001002000900881486008
:1070F000086040F24401C2F2000188604860086004
:1071000040F25000C2F200004C21F9F77DF80098DF
:1071100041F21801C2F200014860086041F2080122
:10712000C2F20001C86088604860086040F6A47040
:10713000C2F200002C210191F9F766F8019940F69E
:107140007870C2F20000F9F75FF8019941F250300F
:10715000C2F20000F9F758F841F2C420C2F2000070
:107160003421F9F751F840F2A000C2F200000068A3
:10717000F9F766FD40F29C00C2F200000068F9F7E2
:107180005FFD02B080BD00002DE9F04F8DB040F6EC
:10719000D00CC2F2000CCDF830C0DCF80010DCF8E6
:1071A0000420DCF80830DCF80C00DCF810E0DCF837
:1071B0001440DCF81850DCF81C60DCF82070DCF8B7
:1071C0002480DCF82890DCF82CA0DCF830B0EC4609
:1071D000CCF824B0CCF820A0CCF81C90CCF81880C7
:1071E000CCF81470CCF81060CCF80C50CCF80840F7
:1071F000CCF804E0CCF8000040F6A470C2F2000025
:1072000002F068FDDDF830C0DCF80010DCF8042086
:10721000DCF80830DCF80C00DCF810E0DCF8144096
:10722000DCF81850DCF81C60DCF82070DCF82480F6
:10723000DCF82890DCF82CA0DCF830B0EC46CCF878
:1072400024B0CCF820A0CCF81C90CCF81880CCF856
:107250001470CCF81060CCF80C50CCF80840CCF886
:1072600004E0CCF8000040F67870C2F2000002F0B2
:1072700099FC0C9801680B9141688268C368D0F84A
:1072800010C044698569C669076AD0F82480D0F8BF
:107290002890D0F82CA0D0F830B0EE460A20CEF8D6
:1072A00024000B98CEF820B0CEF81CA0CEF8189091
:1072B000CEF81480CEF81070CEF80C60CEF80850DE
:1072C000CEF80440CEF800C004F066FDDDF830C012
:1072D000DCF80010DCF80420DCF80830DCF80C00E6
:1072E000DCF810E0DCF81440DCF81850DCF81C6026
:1072F000DCF82070DCF82480DCF82890DCF82CA086
:10730000DCF830B0EC46CCF824B0CCF820A0CCF8B7
:107310001C90CCF81880CCF81470CCF81060CCF825
:107320000C50CCF80840CCF804E0CCF8000041F256
:10733000C420C2F2000003F045FA02F057F900F051
:1073400059FE0DB0BDE8F08F85B0CDED040A8DED8E
:10735000030ACDED021A8DED011A00909DED013A60
:107360009DED022A9DED030A9DED041A21EE031AFC
:1073700020EE020A30EE010A009880ED010A9DED30
:10738000031A9DED040A9DED012A9DED023A20EEBF
:10739000030A21EE021A30EE410A009880ED000A3D
:1073A00005B070477047000082B00190019840F22C
:1073B0001801C2F200010968C90844F6D352C1F2AB
:1073C0006202A1FB0221890948430090FFE700BF48
:1073D000FFE70098411E00910028F8D1FFE702B0B6
:1073E0007047000080B590B00B900A918DED090AAE
:1073F000CDED080A4CF63A50C3F6137007909DED98
:10740000090A9FED3B1A20EE010A9DED081A20EEB5
:10741000010A8DED060A0B98006805900A9800682D
:1074200004909DED050A9DED041A21EE011A20EE4F
:10743000000A30EE010A8DED030A9DED060A20EEEA
:10744000000A8DED020A9DED030A9DED021AB4EECD
:10745000410AF1EE10FA08DDFFE79DED060AB5EEF0
:10746000400AF1EE10FA04DCFFE74FF07E500C907A
:107470003AE003980E9001A80D909DED0E0AB5EE2E
:10748000400AF1EE10FA0BDBFFE79DED0E0A04F067
:10749000DBFF0D9880ED000A00208DF83F0006E02C
:1074A0000D9900200860FF208DF83F00FFE79DED5B
:1074B000060A9DED011A80EE010A8DED000A9DED90
:1074C000050A9DED001A20EE010A0B9880ED000AD6
:1074D0009DED040A9DED001A20EE010A0A9880ED48
:1074E000000A00980C90FFE79DED0C0A10B080BDDB
:1074F0003ACD133F85B0CDED040A8DED030ACDEDF5
:10750000021A8DED011A00909DED031A9DED040AFB
:107510009DED012A9DED023A21EE031A20EE020AAA
:1075200030EE410A009880ED000A9DED030A9DEDC2
:10753000041A9DED012A9DED023A21EE031A20EE78
:10754000020A30EE010A009880ED010A05B070478A
:1075500083B002908DED010ACDED000A0299002062
:107560000860029948609DED010A9FED2C1A80EE9B
:10757000010A029981ED020A9DED000A80EE010ADE
:10758000029981ED030A029A4DF20A71C3F6234172
:10759000116140F6D001C2F2000191ED0B0A9FED9E
:1075A000201A80EE010A029A82ED050A91ED030A83
:1075B00091ED091A80EE010A9FED1A1A80EE010A78
:1075C000029981ED060A029991ED060AB2EE041ABB
:1075D00020EE010A81ED070A029A51691162029AAE
:1075E00091695162029AD16991620299C8620299C5
:1075F000086302994863029988630299C8630299F3
:1076000008640299486402998864029981F84C00E0
:10761000029908650299486503B0704700007A44F2
:1076200000007042DB0FC94080B58CB00B908DED2F
:107630000A0A0B99002081F84C009DED0A0AB5EE6C
:10764000400AF1EE10FA0ADBFFE70B984069099057
:107650000B98806908900B98C069079009E00B9817
:10766000006A09900B98406A08900B98806A07900E
:10767000FFE79DED0A0AB0EEC00A9DED091AB4EECF
:10768000410AF1EE10FA20DDFFE70B9991F84C006A
:1076900040F0010081F84C009DED0A0AB5EE400A69
:1076A000F1EE10FA05DDFFE79DED090A8DED020A06
:1076B00006E09DED090AB1EE400A8DED020AFFE7F2
:1076C0009DED020A8DED0A0AFFE79DED0A0A0B986F
:1076D00090ED002A90ED041A30EE420AB0EEC00A96
:1076E000B4EE410AF1EE10FA12DAFFE70B9890EDD2
:1076F000002A90ED010A90ED041A30EE420AB0EE35
:10770000C00AB4EE410AF1EE10FA01DAFFE720E117
:107710000A980B9908600B99486888630A980B9936
:10772000C8639DED0A0A0B9890ED011A30EE410AEC
:107730008DED060A9DED060AB0EEC00A0B9890ED9D
:10774000041AB4EE410AF1EE10FA06DAFFE70B99DB
:10775000002008650B994865FBE09DED060A4FF097
:10776000FF30B5EE400AF1EE10FAC8BF01200B99C8
:1077700048659DED060AB0EEC00A8DED060A0B982D
:10778000406D012806DBFFE70B9890ED020A8DEDB6
:10779000010A05E00B9890ED030A8DED010AFFE761
:1077A0009DED010A8DED050A9DED050AB5EE001A65
:1077B00020EE010A0B9880ED0B0A9DED050AB6EE4E
:1077C000002A20EE020A0B9880ED0C0A9DED050AB6
:1077D00020EE010A0B9880ED0D0A9DED060A0B982C
:1077E00090ED0B1A90ED0C2A31EE022A21EE021ACE
:1077F00080EE010A8DED040A9DED040A0B9890EDD0
:107800000B1A20EE010A8DED030A9DED040A9DED91
:10781000071AB4EE410AF1EE10FA46DDFFE70B99C4
:1078200091F84C0040F0040081F84C000798049057
:107830009DED040A0B9890ED0B1A20EE010A8DEDD8
:10784000030A9DED060A9DED042A0B9890ED0B1A94
:1078500022EE012A80EE020A30EE410A80ED0C0A87
:107860000B9890ED0C0AB5EE400AF1EE10FA1BDA17
:10787000FFE70B99002008639DED060A9DED041AB1
:1078800080EE010A04F0E0FD0B9880ED0B0A0B99E5
:10789000C86A48639DED040A0B9890ED0B1A20EE20
:1078A000010A8DED030AFFE7FFE79DED030A9DED59
:1078B000081AB4EE410AF1EE10FA3DDDFFE70B992C
:1078C00091F84C0040F0020081F84C0008980390B9
:1078D0009DED030A0B9890ED0B1A80EE010A8DEDD9
:1078E000040A9DED060A9DED042A0B9890ED0B1AF3
:1078F00022EE012A80EE020A30EE410A80ED0C0AE7
:107900000B9890ED0C0AB5EE400AF1EE10FA12DA7F
:10791000FFE70B99002008639DED060A9DED041A10
:1079200080EE010A04F090FD0B9880ED0B0A0B9994
:10793000C86A4863FFE7FFE704980B9988640398D7
:107940000B9948640B99002008640B990120086585
:10795000FFE70CB080BD000080B590B00E908DEDBB
:107960000D0ACDED0C0A9DED0D0A0E9890ED002A42
:1079700090ED041A30EE420AB0EEC00AB4EE410AAD
:10798000F1EE10FA06DDFFE70E989DED0D0AFFF708
:107990004BFEFFE70E98006D20B9FFE70E98406898
:1079A0000F90F4E09DED0C1A0E9890ED100A30EE59
:1079B000010A80ED100A0E98006C0B900E98806BF7
:1079C0000A900E9890ED150AB8EEC00A8DED090ADE
:1079D0000E98806C08900E98406C07900A9806905C
:1079E000002005900E9890ED0B1A9DED050A30EEE3
:1079F000010A8DED050A9DED0B0A9DED051AB4EE09
:107A0000410AF1EE10FA1CDCFFE79DED0A1A9DED2C
:107A1000090AB6EE002A20EE020A9DED082A20EEA1
:107A2000020A9DED0B2A20EE020A20EE020A30EE39
:107A3000010A8DED060A06980E99486006980F9087
:107A4000A5E09DED0A1A9DED090AB6EE002A20EE8A
:107A5000020A9DED082A20EE020A0E9890ED0B2AEC
:107A600020EE020A20EE020A30EE010A8DED040A31
:107A70000E9890ED0C1A9DED050A30EE010A8DED81
:107A8000050A9DED0B0A9DED051AB4EE410AF1EED3
:107A900010FA1FDCFFE79DED0B0A0E9890ED0B1A14
:107AA00030EE410A8DED030A9DED041A9DED090AA1
:107AB0009DED072A20EE020A9DED032A20EE020A20
:107AC00030EE010A8DED060A06980E994860069878
:107AD0000F905CE09DED041A9DED090A9DED072ACB
:107AE00020EE020A0E9890ED0C2A20EE020A30EEEB
:107AF000010A8DED020A0E9890ED0D1A9DED050A12
:107B000030EE010A8DED050A9DED0B0A9DED051A7B
:107B1000B4EE410AF1EE10FA2FDCFFE79DED0B0AFF
:107B20000E9890ED0B2A90ED0C1A30EE420A30EED2
:107B3000410A8DED010A9DED020A9DED091A9DEDA8
:107B4000072A9DED014A9DED083ABEEE005A23EE4C
:107B5000053A23EE043A23EE043A22EE042A32EEEA
:107B6000032A21EE021A30EE010A8DED060A06986C
:107B70000E99486006980F9009E00E99C86B48600E
:107B80000E99002008650E98C06B0F90FFE79DEDE1
:107B90000F0A10B080BD000080B58AB0DDF830C09B
:107BA000099008910792069340F67410C2F2000003
:107BB0000290FFE70298007818B9FFE701F0B2F9E8
:107BC000FFE7FFE740F67410C2F200000490099846
:107BD00002282CD8FFE7EFF311804FF0200181F34A
:107BE000118801900498099901EB410100EBC10053
:107BF00060300390099878B1FFE70898039908600E
:107C000007980399486006980399886003990020B3
:107C100008610399C860FFE70C9803994861BFF3B6
:107C20005F8F019880F311880020059003E04FF0EA
:107C3000FF300590FFE705980AB080BD80B58AB097
:107C4000DDF830C0099008910792069340F6741051
:107C5000C2F200000290FFE70298007818B9FFE72F
:107C600001F060F9FFE7FFE740F67410C2F2000090
:107C70000490099802282AD8FFE7EFF311804FF00B
:107C8000200181F3118801900498099901EB4101C9
:107C900000EBC10018300390099878B1FFE708980D
:107CA00003990860079803994860069803998860CB
:107CB0000399002008610399C860FFE70C980399B5
:107CC0004861019880F311880020059003E04FF08F
:107CD000FF300590FFE705980AB080BD80B501F040
:107CE00021F980BD80B5F9F747FAFEF7E9FC80BDC0
:107CF00080B586B0059004910392EFF311804FF0A8
:107D0000200181F31188019005980499039A00F0ED
:107D100007F80290019880F31188029806B080BDA0
:107D200080B58EB00D900C910B9240F67410C2F29B
:107D300000000390FFE70398007818B9FFE701F00F
:107D4000F1F8FFE7FFE70D9800EB400140F67410F3
:107D5000C2F2000000EBC100603005900C98069064
:107D60000598006908900598C06807900020099060
:107D700008980799884236D9FFE7059880680899DE
:107D8000401A0A900A980B99884203D2FFE70A9892
:107D9000029002E00B980290FFE702980A90059883
:107DA0004068089908440490069804990A9AF8F7DC
:107DB00012FA0A990998084409900A990698084401
:107DC00006900A990B98401A0B900A990898084453
:107DD0000890089805998968884203D1FFE7002038
:107DE0000890FFE7FFE707980899401A0A900A9859
:107DF0000B99884203D2FFE70A98019002E00B98A2
:107E00000190FFE701980A900A98D8B1FFE705981A
:107E10004068089908440490069804990A9AF8F76B
:107E2000DAF90A990998084409900A9906980844C9
:107E300006900A990B98401A0B900A9908980844E2
:107E40000890FFE7099820B1FFE7089805990861B5
:107E5000FFE709980EB080BD80B59CB08DF85F003B
:107E60009DF85F00012809D1FFE740F66C11C2F2CE
:107E700000010868643008601890B7E004F0A0F8CA
:107E80001690EFF3108072B61B9041F24031C2F2AF
:107E90000001086815901698086041F23C31C2F262
:107EA0000001086814900020086062B616981599C1
:107EB000401A139040F21800C2F2000000681290BD
:107EC000129840B9FFE741F24830C2F20000D0E911
:107ED000000118908AE012984DF68361C4F21B31BC
:107EE000A0FB0121890C43F609525143B0EB811FDD
:107EF00040D1FFE712984DF68361C4F21B31A0FB1D
:107F00000110800C11901498139909184FF0000378
:107F1000019343F100000E910F900E980F99119A62
:107F2000F8F728F9019B0D910C900E980F99119A72
:107F3000F8F720F90B92EFF3108072B61A90DDF883
:107F400030C00D9B41F24830C2F20000D0E900126F
:107F500011EB0C015A41C0E900120B9B41F23C327B
:107F6000C2F2000211681944116062B6D0E9000142
:107F700018903BE01498139909184FF000030093F0
:107F800043F10000089109900899099844F24022B1
:107F9000C0F20F02A1FB021C00FB02C00691079079
:107FA00006980799129AF8F7E5F8009B0591049056
:107FB00006980799129AF8F7DDF803930292EFF307
:107FC000108072B61990DDF810C0059B41F2483060
:107FD000C2F20000D0E9001211EB0C015A41C0E9D5
:107FE000001262B6D0E900011890FFE718981CB0A3
:107FF00080BD000080B582B0EFF3108072B60190B2
:1080000041F24831C2F2000100200090C1E90000B5
:1080100041F23C31C2F20001086003F0D1FF014699
:10802000009841F24032C2F20002116040F66C1139
:10803000C2F20001086062B602B080BD80B586B0B1
:1080400005900491039240F67410C2F20000019072
:10805000FFE70198007818B9FFE700F063FFFFE73A
:10806000FFE7EFF311804FF0200181F311880090BA
:1080700005980499039A00F007F80290009880F39D
:108080001188029806B080BD80B58AB00990089129
:10809000079208980490099800EB400140F674108C
:1080A000C2F2000000EBC100183003900398406951
:1080B000029040B1FFE70298012819D0FFE702982B
:1080C00002282CD032E0039800F07EFF059005983E
:1080D0000799884203D2FFE70020069007E007983F
:1080E000069003980499079A01F000F8FFE720E052
:1080F000039800F069FF059005980799884203D21C
:10810000FFE70598019002E007980190FFE70198CA
:10811000069003980499069A00F0E8FF09E0039896
:108120000499079A00F070FF069002E00020069084
:10813000FFE706980AB080BD80B541F2A010C2F2F8
:108140000000FCF771FC80BD80B582B00190019801
:10815000406A009000990020C8870099C88600985E
:10816000FCF75EFC02B080BD80B586B00490039140
:1081700002920498039B02996A461160022101222F
:1081800000F028F848B1FFE70499486D40F020005E
:10819000486503208DF8170017E00498039B0299A7
:1081A0006A4611608021002200F014F848B1FFE710
:1081B0000499486D40F02000486503208DF81700B1
:1081C00003E000208DF81700FFE79DF8170006B0C8
:1081D00080BD000080B58AB0DDF830C008900791FE
:1081E0008DF81B20059305980190FBF7AFFC024624
:1081F00001980C99891A08440390FBF7A7FC029098
:10820000039840F21801C2F200010968C1F3CB31B2
:1082100048430490FFE70898006880680799084081
:10822000401AB0FA80F040099DF81B1088425ED0D9
:10823000FFE705980130002858D0FFE7FBF786FCE0
:108240000299401A0399884204D2FFE70398002854
:1082500042D1FFE708980168486820F0E0004860D4
:1082600008984068B0F5827F13D1FFE708988068CE
:10827000B0F5004F06D0FFE708988068B0F5806F32
:1082800007D1FFE708980168086820F040000860FF
:10829000FFE70898806AB0F5005F0FD1FFE7FFE7BE
:1082A00008980168086820F4005008600898016880
:1082B000086840F400500860FFE7FFE708990120D4
:1082C00081F85100FFE70899002081F85000FFE78E
:1082D00003208DF827000EE0049818B9FFE700206E
:1082E0000390FFE7049801380490FFE793E700202C
:1082F0008DF82700FFE79DF827000AB080BD000039
:108300007047000080B582B0019000910199009BF8
:1083100041F25800C2F20000012202F051FB02B00B
:1083200080BD000080B582B00190019890ED080AF0
:1083300090ED091A30EE410A80ED050A019890EDA2
:10834000000A90ED051A20EE010A80ED070A019857
:1083500090ED010AD0ED020A90ED031A90ED042A87
:1083600090ED053A20EE030A30EE020AFEF7AAFA73
:10837000019880ED040A0198D0ED020A90ED031AED
:1083800090ED042A90ED070A30EE020AFEF79AFA01
:10839000019880ED060A02B080BD000080B582B071
:1083A000FEF7F2FE41F2F810C2F200000190002147
:1083B000FDF7F8FB01980421FDF7F4FB0198082173
:1083C000FDF7F0FB01980C21FDF7ECFB41F2740086
:1083D000C2F20000F9F7CCFD41F2A400C2F20000A5
:1083E000F9F720FD02B080BD80B582B041F2F810EF
:1083F000C2F2000001900021FDF7AAFC01980421BF
:10840000FDF7A6FC01980821FDF7A2FC01980C21BC
:10841000FDF79EFC41F27400C2F20000F9F7A4FEE1
:1084200041F2A400C2F20000F9F74EFEFEF756FE3C
:1084300002B080BD80B582B0009000980138B0F1E4
:10844000807F03D3FFE70120019019E000980138F5
:108450004EF21401CEF2000108604FF0FF300F2100
:1084600000F0AAFE4EF21801CEF2000100200860D2
:108470004EF21002CEF20002072111600190FFE7D8
:10848000019802B080BD000080B5FBF765FB80BDA0
:1084900080B598B00EA801902821F7F7B5FE019895
:1084A000002202920D920C920B920A92099208926B
:1084B0000792069205920492039209210E914FF4BD
:1084C00080310F9110920122129214920222159281
:1084D00016914FF450111791FBF764FF18B1FFE7A5
:1084E000F8F7E2FEFFE70F20099002210A91002031
:1084F0000B904FF480620C920D9009A8FBF79EFD43
:1085000018B1FFE7F8F7D0FEFFE7022003904FF421
:108510008040059003A8FBF7ADFC18B1FFE7F8F722
:10852000C3FEFFE718B080BD4EF68851CEF20001C1
:10853000086840F4700008607047000080B541F2A0
:10854000F810C2F20000FDF7F3F880BD80B541F2EB
:10855000F810C2F20000FDF7EBF880BD83B0029086
:108560000191029800680090029842F60041C4F21E
:108570000101884225D0FFE7029843F20041C4F28E
:10858000010188421DD0FFE70298B0F1804F18D05A
:10859000FFE7029840F20041C4F20001884210D087
:1085A000FFE7029840F60001C4F20001884208D0BB
:1085B000FFE7029840F60041C4F2000188420AD168
:1085C000FFE7009820F07000009001984168009843
:1085D00008430090FFE7029842F60041C4F201010F
:1085E000884225D0FFE7029843F20041C4F201011E
:1085F00088421DD0FFE70298B0F1804F18D0FFE706
:10860000029840F20041C4F20001884210D0FFE716
:10861000029840F60001C4F20001884208D0FFE74A
:10862000029840F60041C4F2000188420AD1FFE7F7
:10863000009820F4407000900198C16800980843A9
:108640000090FFE7009820F08000019949690843F5
:108650000090009802990860019880680299C862A9
:108660000198006802998862029842F60041C4F2BB
:108670000101884208D0FFE7029843F20041C4F2AA
:108680000101884205D1FFE701980069029908635A
:10869000FFE702990120486102980069C00730B1E4
:1086A000FFE70299086920F001000861FFE703B0C5
:1086B0007047000084B0039002910192029800F08C
:1086C0001F01012088400090009A0399086A904396
:1086D00008620198029901F01F0100FA01F2039962
:1086E000086A1043086204B07047000085B0049027
:1086F000039102920193049880680090009820F4FE
:108700007F40009003980299019A41EA02210143B7
:1087100000980843009000980499886005B070475D
:1087200083B002900191029880680090009820F038
:108730007000009001980099084340F007000090F5
:1087400000980299886003B07047000085B00490DB
:1087500003910498006A01900499086A20F00100CE
:10876000086204984068009004988069029002981A
:1087700020F070000290029820F00300029003980D
:108780000168029808430290019820F002000190CD
:1087900003988168019808430190049842F60041CB
:1087A000C4F20101884208D0FFE7049843F2004177
:1087B000C4F2010188420ED1FFE7019820F00800C1
:1087C00001900398C168019808430190019820F036
:1087D00004000190FFE7049842F60041C4F2010151
:1087E000884208D0FFE7049843F20041C4F2010137
:1087F000884213D1FFE7009820F480700090009821
:1088000020F400700090039841690098084300909C
:1088100003988169009808430090FFE70098049945
:1088200048600298049988610398406804994863F5
:1088300001980499086205B07047000085B0049063
:1088400003910498006A01900499086A20F01000CE
:108850000862049840680090049880690290029829
:1088600020F4E0400290029820F4407002900398B7
:108870000168029840EA01200290019820F020004F
:10888000019003988168019840EA011001900498D2
:1088900042F60041C4F20101884208D0FFE7049883
:1088A00043F20041C4F2010188420FD1FFE7019871
:1088B00020F0800001900398C168019840EA0110FF
:1088C0000190019820F040000190FFE7049842F6E3
:1088D0000041C4F20101884208D0FFE7049843F246
:1088E0000041C4F20101884215D1FFE7009820F44D
:1088F00080600090009820F4006000900398416927
:10890000009840EA8100009003988169009840EA4D
:1089100081000090FFE7009804994860029804994C
:1089200088610398406804998863019804990862F3
:1089300005B0704785B0049003910498006A0190D7
:108940000499086A20F480700862049840680090D6
:108950000498C0690290029820F07000029002987A
:1089600020F00300029003980168029808430290E7
:10897000019820F40070019003988168019840EA02
:1089800001200190049842F60041C4F2010188429E
:1089900008D0FFE7049843F20041C4F20101884285
:1089A0000FD1FFE7019820F4006001900398C1689F
:1089B000019840EA01200190019820F48060019024
:1089C000FFE7049842F60041C4F20101884208D052
:1089D000FFE7049843F20041C4F20101884215D137
:1089E000FFE7009820F480500090009820F4005099
:1089F000009003984169009840EA011000900398A4
:108A00008169009840EA01100090FFE700980499FE
:108A1000486002980499C861039840680499C86343
:108A200001980499086205B07047000085B0049071
:108A300003910498006A01900499086A20F4805018
:108A400008620498406800900498C06902900298F7
:108A500020F4E0400290029820F4407002900398C5
:108A60000168029840EA01200290019820F4005029
:108A7000019003988168019840EA013001900498C0
:108A800042F60041C4F20101884208D0FFE7049891
:108A900043F20041C4F2010188420BD1FFE7009884
:108AA00020F48040009003984169009840EA8110CA
:108AB0000090FFE700980499486002980499C86103
:108AC000039840680499086401980499086205B005
:108AD0007047000085B00490039102920498006AE8
:108AE00000900499086A20F00100086204988069E7
:108AF0000190019820F0F00001900299019840EA5D
:108B000001100190009820F00A000090039900984D
:108B100008430090019804998861009804990862BC
:108B200005B0704785B00490039102920498006AE2
:108B300000900499086A20F0100008620498806987
:108B40000190019820F4704001900299019840EA48
:108B500001300190009820F0A00000900399009847
:108B600040EA0110009001980499886100980499E6
:108B7000086205B07047000080B582B0019001988E
:108B8000406A009000990020C8850099C884009828
:108B9000FDF770F902B080BD84B00390FFE7FFE7F6
:108BA0000398006850E8030F20F490700290FFE7EC
:108BB00002990398026842E803100028F0D1FFE709
:108BC000FFE7FFE7FFE70398006850E8050F20F094
:108BD00001000190FFE701990398026842E805103F
:108BE0000028F0D1FFE7FFE70398006B012814D1BC
:108BF000FFE7FFE7FFE70398006850E8030F20F066
:108C000010000090FFE700990398026842E8031003
:108C10000028F0D1FFE7FFE7FFE70399202081F864
:108C2000420003990020086304B0704780B582B009
:108C3000019001980168C86820F04000C86001995F
:108C4000202081F841000198FDF7D6FB002002B0FA
:108C500080BD000080B586B00490049890F8420072
:108C6000222840F0A480FFE704988068B0F5805F78
:108C700015D1FFE70498006988B9FFE70020039049
:108C80000498806A02900498006840686FF35F203F
:108C9000029908800499886A0230886225E0049865
:108CA000806A03900020029004988068B0F5805F8D
:108CB00008D0FFE70498806850B9FFE7049800697E
:108CC00030B9FFE70498006840680399087007E02E
:108CD00004980068406800F07F0003990870FFE77F
:108CE0000499886A01308862FFE70499C88D0138C9
:108CF000C8850004002856D1FFE704980168C868B9
:108D000020F02000C86004980168C86820F48070D2
:108D1000C86004980168486920F00100486104991E
:108D2000202081F842000499002048630498006BD9
:108D3000012830D1FFE7049900200863FFE7FFE72F
:108D40000498006850E8030F20F010000190FFE73E
:108D500001990498026842E803100028F0D1FFE767
:108D6000FFE7049800680068C00600280ED5FFE7FA
:108D7000FFE70020009004980068006800900498C5
:108D80000068406800900098FFE7FFE70498818D35
:108D9000FDF76AF803E00498FDF72AFBFFE70020DF
:108DA0008DF8170007E000208DF8170003E002207F
:108DB0008DF81700FFE79DF8170006B080BD000092
:108DC00080B584B0039003980068006920F4405097
:108DD000039A1168D26810430861039988680A6988
:108DE000496910430843029003980068C06841F243
:108DF0000C6188430299084303990968C860039885
:108E00000068406920F44070039A11689269104329
:108E100048610398006843F60001C4F201018842EA
:108E200004D1FFE7FBF74EFA019003E0FBF738FAB5
:108E30000190FFE7019819214843039A116852688D
:108E40009200B0FBF2FC48F21F52C5F2EB12ACFBF1
:108E500002304309642003FB10CC322000EB0C10DD
:108E6000A0FB0202F02000EA521000EB0310C2F354
:108E700043121044886004B080BD000083B00190AC
:108E8000019890F8410021283AD1FFE701988068C5
:108E9000B0F5805F13D1FFE70198006978B9FFE76B
:108EA0000198006A0090009800886FF35F20019994
:108EB000096848600199086A0230086208E0019A6E
:108EC000106A411C11620078019909684860FFE747
:108ED0000199C88C0138C884000468B9FFE701987B
:108EE0000168C86820F08000C86001980168C868FF
:108EF00040F04000C860FFE700208DF80B0003E061
:108F000002208DF80B00FFE79DF80B0003B07047BF
:108F100080B541F24020C2F20000FCF7AFFF80BDF7
:108F2000FFE7FEE780B582B040F67410C2F20000A1
:108F300001900198A821F7F767F9019903200861CA
:108F40000199486101984DF23D71C0F600018161BF
:108F5000019A40F62C20C2F20000D061019A4FF431
:108F600080601062019A00209062019A5062019A1A
:108F7000D062019A1166019A40F61C21C2F20001EA
:108F80005166019A10219166019908670199C86696
:108F900001994867BFF35F8F0090FFE700980F28A3
:108FA0000ED8FFE7009A4CF65C60C0F60000801A0D
:108FB000C07B01998854FFE7009801300090EDE7ED
:108FC000BFF35F8F02B080BD84B003900398006947
:108FD00002900398C068019002980199884209D8CC
:108FE000FFE7039880680199401A02990844013804
:108FF000009005E002990198C04308440090FFE703
:10900000009804B07047000080B58AB009900891BC
:109010000792002005900998C0680390FFE709981F
:109020000069049004980399884206D9FFE70499DF
:109030000398C0430844069008E0099881680398A3
:10904000049A801AC04308440690FFE706980999DD
:109050008968039A891A884203D2FFE7069801902B
:1090600005E0099880680399401A0190FFE701988C
:10907000069006980799884203D2FFE70698009069
:1090800002E007980090FFE7009806900998406872
:1090900003990844029002980899069AF7F79BF8FA
:1090A0000699059808440590069908980844089080
:1090B00006990798401A0790069903980844039068
:1090C000039809998968884203D1FFE7002003903B
:1090D000FFE7BFF35F8F03980999C860FFE7079820
:1090E00000289CD1FFE705980AB080BD80B588B004
:1090F0000790069105920798C068039007988068CA
:109100000399401A029002980599884212D9FFE704
:109110000798406803990844019001980699059AB8
:10912000F7F759F8BFF35F8F03980599084407993B
:10913000C8601FE0029804900798406803990844AB
:10914000019001980699049AF7F745F80598029955
:10915000401A049007984068019001980699029A75
:109160001144049AF7F737F8BFF35F8F0498079913
:10917000C860FFE708B080BD81B08DF803009DF99D
:10918000030000280ED4FFE79DF9031001F01F0231
:10919000012090404A094EF20011CEF2000141F840
:1091A0002200FFE701B070474EF60C50CEF20000EF
:1091B0000068C0F30220704782B08DF8070000916C
:1091C0009DF9070000280AD4FFE7009800019DF9E7
:1091D00007104EF20042CEF2000288540BE00098D5
:1091E00000019DF8071001F00F014EF61452CEF267
:1091F00000028854FFE702B07047000083B002907D
:10920000029800F0070000904EF60C51CEF20001DB
:109210000868019001984FF6FF02104001900198F4
:10922000009A40EA02200022C0F2FA521043019054
:109230000198086003B070479FED221A9FED222A23
:1092400020EE010AB5EE001A30EE010ABDEEC01A9A
:1092500011EE100AB5EE400AF1EE10FAB8BF01386F
:1092600001EE100AB8EEC11A30EE410A20EE020AF1
:10927000BDEEC01A9FED152A11EE100A002130EE46
:10928000021AB1EB502F4CF608711CBF0020B0EE53
:10929000410AC0F6000101EE100A01EB8001B8EEB0
:1092A000411A30EE410A91ED001A91ED012AB7EE14
:1092B000003A33EE403A23EE011A20EE020A31EE74
:1092C000000A704783F9223E00000044000000C4F9
:1092D0009FED201A9FED202A20EE010ABDEEC01A54
:1092E00011EE100AB5EE400AF1EE10FAB8BF0138DF
:1092F00001EE100AB8EEC11A30EE410A20EE020A61
:10930000BDEEC01A9FED152A11EE100A002130EEB5
:10931000021AB1EB502F4CF608711CBF0020B0EEC2
:10932000410AC0F6000101EE100A01EB8001B8EE1F
:10933000411A30EE410A91ED001A91ED012AB7EE83
:10934000003A33EE403A23EE011A20EE020A31EEE3
:10935000000A704783F9223E00000044000000C468
:1093600080B584B003900DF1060000F03BF8029048
:10937000BDF8060000EE100AB8EEC00A9FED171AFD
:1093800080EE010ADFED160A20EE200A8DED000ABC
:109390009DED000A40F25000C2F2000090ED031A69
:1093A00030EE010A02F0F8FF8DED000A9DED000A93
:1093B000B5EE400AF1EE10FA09DAFFE79DED000A7A
:1093C0009FED071A30EE010A8DED000AFFE70098C5
:1093D00003990860029804B080BD00BF000080457A
:1093E000DB0FC94080B584B003900020ADF80600C3
:1093F00036200DF10601022201F014F802909DF8CA
:1094000006109DF8070040EA0120039908800298A1
:1094100004B080BD82B08DED010A40F25000C2F26E
:10942000000000904169816190ED000A90ED011A01
:1094300030EE410A80ED050A0168416090ED050AB1
:10944000B5EE400AF1EE10FA08DDFFE740F25001F8
:10945000C2F20001012081F82C0007E040F2500127
:10946000C2F20001002081F82C00FFE740F250001A
:10947000C2F2000090ED050A9FED561AB4EE410AC3
:10948000F1EE10FA16DAFFE740F25001C2F20001E5
:10949000012081F82C0091ED050A9FED4F1A30EE66
:1094A000010A81ED050AC86B0130C863086B013001
:1094B0000863FFE740F25000C2F2000090ED050A99
:1094C0009FED461AB4EE410AF1EE10FA16DDFFE701
:1094D00040F25001C2F20001002081F82C0091ED11
:1094E000050A9FED3F1A30EE010A81ED050AC86BAF
:1094F0000130C863086B01380863FFE740F2500091
:10950000C2F2000090ED050A90ED081AB0EEC00A14
:10951000B4EE410AF1EE10FA07DCFFE740F2500129
:10952000C2F2000100204861FFE740F25000C2F2A1
:10953000000090ED050AB5EE400AF1EE10FA0DDDDF
:10954000FFE740F25000C2F2000090ED051A90EDE6
:109550000D0A30EE010A80ED0D0A19E040F25000CC
:10956000C2F2000090ED050AB5EE400AF1EE10FAE5
:109570000DDAFFE740F25000C2F2000090ED051A4C
:1095800090ED0E0A30EE410A80ED0E0AFFE7FFE78C
:1095900040F25000C2F20000416A816290ED050A7B
:1095A0009DED011A20EE010A80ED090A90ED090AED
:1095B00090ED0A1A9FED0B2A21EE021A9FED0A2A5E
:1095C00020EE020A30EE010A80ED090A90ED090A48
:1095D00002B07047DB0F49C0DB0FC940DB0F4940C9
:1095E000DB0FC9C0CCCC4C3ECDCC4C3F80B584B059
:1095F00040F21800C2F20000016844F24020C0F2BC
:109600000F00FEF77FFE00200090ADF80A00362024
:109610000DF10A01022200F01DFF0099039040F2B3
:109620005000C2F20000019001634DF67C11C3F6B8
:10963000201101620430FFF793FE0199042081F8A4
:109640004800012081F8440004B080BD80B588B096
:1096500007900691059241F2BC20C2F2000000681A
:1096600004900020029041F2B821C2F20001096882
:1096700001918DF8030041F2C020C2F20000007891
:10968000C007002846D0FFE741F28030C2F2000058
:109690000078C007E8BBFFE741F2F820C2F2000003
:1096A0008169079A029B03F1010CCDF808C042F8CA
:1096B0002310406901380390039840F67471C2F298
:1096C00000010968884223D3FFE7039840F67471CC
:1096D000C2F20001096840F67072C2F2000212681C
:1096E0001144884214D8FFE702980F2810D8FFE7EA
:1096F0000298069988420BD2FFE703980799029ACD
:10970000531C029341F8220001208DF80300FFE76B
:10971000FFE7FFE741F28030C2F200000078C007A7
:10972000B0B1FFE705980499884203D2FFE7049897
:1097300005900CE005980499019A1144884205D9D6
:10974000FFE70498019908440590FFE7FFE7FFE76A
:10975000FFE705980499019A1144884253D2FFE724
:1097600005980068043803909DF80C00C00708B9FC
:10977000FFE744E00598006801380390039840F63D
:109780007471C2F2000109680431884236D3FFE7E0
:10979000039840F67471C2F20001096840F67072D5
:1097A000C2F2000212681144884227D8FFE70298EB
:1097B0000F2823D8FFE70398043800F0EFFAE8B148
:1097C000FFE702980699884218D2FFE7029802281C
:1097D0000CD1FFE79DF80300C00738B1FFE70398FD
:1097E00007994968884201D1FFE708E00398079983
:1097F000029A531C029341F82200FFE7FFE7059805
:1098000004300590A5E7029808B080BDF0B597B088
:109810001690159115981490149813904CF60061B9
:10982000C0F600010A9108684A688B68D1F80CC03C
:10983000D1F810E04C691094CDF83CE0CDF838C078
:109840000D930C920B908869C9691291119041F2A5
:10985000AC20C2F200000078C007B0B9FFE74DF6B7
:109860007100C0F600004DF63231C0F600014DF631
:109870004672C0F6000202F001FC4DF22470C0F600
:10988000000002F0FBFBFFE7FEE741F2C020C2F25E
:1098900000000078C007B0B1FFE74DF67100C0F6D8
:1098A00000004DF65971C0F600014DF64672C0F643
:1098B000000202F0E3FB4DF22470C0F6000002F05B
:1098C000DDFBFFE7FEE741F2C021C2F2000101200B
:1098D00008704EF2A200C0F6000002F0CFFB4DF27D
:1098E0002470C0F60000099002F0C8FB00F0DEF81A
:1098F0004CF67060C0F60000C06A02F0BFFB099829
:1099000002F0BCFB1498203014901698149902F0C1
:109910003BFB149041F28030C2F200000078C00797
:10992000002840F08080FFE74CF67060C0F6000031
:10993000006B02F0A3FB4DF22470C0F6000008900B
:1099400002F09CFB1398006841F2F82CC2F2000C64
:10995000CDF818C0CCF8000013984068CCF804008B
:1099600013988068CCF808001398C068CCF80C00F5
:1099700013980069CCF8100013984069CCF81400D3
:1099800013988069CCF818001398C069CCF81C00B3
:109990000B990C9BDDF834E00E9DDCF80020DCF820
:1099A0000400DCF80840DCF80C60EC46CCF81060F1
:1099B000CCF80C50CCF80840CCF804E0CCF800000F
:1099C0004EF21800C0F60000079002F057FB08980E
:1099D00002F054FBDDF818E007980F99109B119CDA
:1099E000129EDEF81020DEF814C0DEF81850DEF803
:1099F0001C70EE46CEF81070CEF80C60CEF8085011
:109A0000CEF80440CEF800C002F038FB089802F00F
:109A100035FB4DF61C10C0F6000002F02FFB089835
:109A200002F02CFBFFE74EF62450CEF20000006857
:109A300041F2F821C2F2000108624EF62850CEF23F
:109A40000000007881F824004EF63450CEF2000079
:109A5000006888624EF62950CEF20000007881F846
:109A60002C004EF63850CEF20000006808634EF627
:109A70002A50CEF20000008888864EF62C50CEF296
:109A80000000006888634EF63050CEF20000008877
:109A9000C8634EF63C50CEF200000088086400F027
:109AA000AFF9149800F0E8FE17B0F0BD80B54CF6A1
:109AB0007060C0F60000406841F23801C2F2000157
:109AC00041F28822C2F2000241F29A33C2F200034C
:109AD00002F0D4FA4DF22470C0F6000002F0CEFA83
:109AE00080BD000080B584B003900291019203997B
:109AF00041F23800C2F2000020220092F6F78FFBFC
:109B0000009A029941F28820C2F20000F6F787FB22
:109B1000009A019941F29A30C2F20000F6F77FFBF9
:109B200041F2BC20C2F2000043F2C831C2F200018F
:109B30000160016843F6C830C2F20000411A41F2E8
:109B4000B820C2F20000016040F67471C2F2000158
:109B500040F20002C0F600020A600A684EF2C40138
:109B6000C0F60001891A40F67072C2F2000211605C
:109B7000006870B9FFE74CF67060C0F6000000683E
:109B800002F07CFA4DF22470C0F6000002F076FA82
:109B900006E041F2AC21C2F2000101200870FFE7AB
:109BA00004B080BD2DE9F04F8FB00091DDF884B096
:109BB000DDF880A0DDF87C90DDF878801D9F1C9E8C
:109BC0001B9D1A9CDDF864E0DDF860C000990099E7
:109BD000CDF838B0CDF834A0CDF83090CDF82C8049
:109BE0000A97099608950794CDF818E0CDF814C0A7
:109BF00004930392029101909DED070A9FED142AB0
:109C000020EE020A9FED131A20EE010A019880ED62
:109C1000000A9DED080A20EE020A20EE010A9FEDDF
:109C20000E1A20EE010A019880ED010A0199002028
:109C3000C8610199086201990020C4F2400048619E
:109C400001990020CCF2400088610FB0BDE8F08F90
:109C50000000FA438FC2C54017B7D13880B582B033
:109C60000190019890ED090A90ED0A1A30EE410A30
:109C700080ED020A019890ED000A90ED021A20EEA4
:109C8000010A80ED070A019890ED082A90ED010A7B
:109C900090ED023AD0ED050A90ED061A20EE030A87
:109CA00030EE020AFCF7D2FD019880ED080A019817
:109CB000D0ED050A90ED061A90ED070A90ED082AFE
:109CC00030EE020AFCF7C2FD019880ED040A02B0F2
:109CD00080BD00002DE9F04F8FB00091DDF884B019
:109CE000DDF880A0DDF87C90DDF878801D9F1C9E5B
:109CF0001B9D1A9CDDF864E0DDF860C000990099B6
:109D0000CDF838B0CDF834A0CDF83090CDF82C8017
:109D10000A97099608950794CDF818E0CDF814C075
:109D200004930392029101909DED070A9FED172A7B
:109D300020EE020A9FED161A20EE010A019880ED2E
:109D4000000A9DED080A20EE020A20EE010A9FEDAE
:109D5000111A20EE010A019880ED010A01990020F4
:109D6000C861019908629DED020A9FED0B1A20EE71
:109D7000010A019880ED050A9DED020A20EE410AD4
:109D8000019880ED060A0FB0BDE8F08F0000FA439D
:109D90008FC2C54017B7D1383ACD133F83B0019079
:109DA00001980088ADF8020001984088ADF80000E5
:109DB000BDF8000000F47840B0F5784F0CD1FFE713
:109DC000BDF8020000F47840B0F5704F04D1FFE711
:109DD00001208DF80B000FE09DF801104FF48E402C
:109DE000B0EB012F04D1FFE701208DF80B0003E059
:109DF00000208DF80B00FFE79DF80B0003B07047C3
:109E000080B541F2F820C2F20000806B4008C00724
:109E100070B1FFE74CF67060C0F60000406B02F0D6
:109E20002DF94DF22470C0F6000002F027F9FFE78B
:109E300041F2F820C2F20000806B800FC0070028BA
:109E400000F01382FFE741F2F820C2F2000090F820
:109E50002400002800F0AC80FFE741F2F820C2F2B5
:109E6000000090F82400C00770B1FFE74CF6706066
:109E7000C0F60000806B02F001F94DF22470C0F6CC
:109E8000000002F0FBF8FFE741F2F820C2F2000008
:109E900090F824004008C00770B1FFE74CF67060EE
:109EA000C0F60000C06B02F0E9F84DF22470C0F675
:109EB000000002F0E3F8FFE741F2F820C2F20000F0
:109EC00090F82400C008C00770B1FFE74CF670603E
:109ED000C0F60000006C02F0D1F84DF22470C0F61C
:109EE000000002F0CBF8FFE741F2F820C2F20000D8
:109EF00090F824000009C00770B1FFE74CF67060CD
:109F0000C0F60000406C02F0B9F84DF22470C0F6C3
:109F1000000002F0B3F8FFE741F2F820C2F20000BF
:109F200090F824004009C00770B1FFE74CF670605C
:109F3000C0F60000806C02F0A1F84DF22470C0F66B
:109F4000000002F09BF8FFE741F2F820C2F20000A7
:109F500090F824100020B0EBD11F28D0FFE741F289
:109F6000F820C2F2000090F82400C00750B9FFE7C3
:109F700041F2F820C2F2000090F824004008C00727
:109F8000A0B1FFE74CF67060C0F60000D0F890007A
:109F900041F2F821C2F20001896A02F06FF84DF235
:109FA0002470C0F6000002F069F8FFE7FFE7FFE762
:109FB00041F2F820C2F2000090F82C00002800F0D6
:109FC000BB80FFE741F2F820C2F2000090F82C00BD
:109FD000C00770B1FFE74CF67060C0F60000C06CBF
:109FE00002F04CF84DF22470C0F6000002F046F882
:109FF000FFE741F2F820C2F2000090F82C00400880
:10A00000C00770B1FFE74CF67060C0F60000006D4D
:10A0100002F034F84DF22470C0F6000002F02EF881
:10A02000FFE741F2F820C2F2000090F82C0080080F
:10A03000C00770B1FFE74CF67060C0F60000406DDD
:10A0400002F01CF84DF22470C0F6000002F016F881
:10A05000FFE741F2F820C2F2000090F82C00C0089F
:10A06000C00770B1FFE74CF67060C0F60000806D6D
:10A0700002F004F84DF22470C0F6000001F0FEFF7B
:10A08000FFE741F2F820C2F2000090F82C0000092E
:10A09000C00770B1FFE74CF67060C0F60000C06DFD
:10A0A00001F0ECFF4DF22470C0F6000001F0E6FF75
:10A0B000FFE741F2F820C2F2000090F82C004009BE
:10A0C000C00770B1FFE74CF67060C0F60000006E8C
:10A0D00001F0D4FF4DF22470C0F6000001F0CEFF75
:10A0E000FFE741F2F820C2F2000090F82C100020A7
:10A0F000B0EBD11F1FD0FFE741F2F820C2F2000001
:10A1000090F82C004008C007A0B1FFE74CF6706043
:10A11000C0F60000D0F8940041F2F821C2F200012C
:10A12000096B01F0ABFF4DF22470C0F6000001F0A6
:10A13000A5FFFFE7FFE7FFE741F2F820C2F20000CA
:10A14000808E002800F09080FFE741F2F820C2F2F4
:10A15000000090F83400C00770B1FFE74CF6706063
:10A16000C0F60000406E01F089FF4DF22470C0F689
:10A17000000001F083FFFFE741F2F820C2F2000087
:10A1800090F834004008C00770B1FFE74CF67060EB
:10A19000C0F60000806E01F071FF4DF22470C0F631
:10A1A000000001F06BFFFFE741F2F820C2F200006F
:10A1B00090F834008008C00770B1FFE74CF670607B
:10A1C000C0F60000C06E01F059FF4DF22470C0F6D9
:10A1D000000001F053FFFFE741F2F820C2F2000057
:10A1E00090F83400C008C00770B1FFE74CF670600B
:10A1F000C0F60000006F01F041FF4DF22470C0F680
:10A20000000001F03BFFFFE741F2F820C2F200003E
:10A2100090F83500C00770B1FFE74CF67060C0F6EB
:10A220000000406F01F02AFF4DF22470C0F60000DC
:10A2300001F024FFFFE741F2F820C2F2000090F89D
:10A2400035004008C00770B1FFE74CF67060C0F6FB
:10A250000000806F01F012FF4DF22470C0F6000084
:10A2600001F00CFFFFE7FFE7FFE741F2F820C2F241
:10A270000000816B0020B0EBD17F00F08680FFE70B
:10A2800041F2F820C2F20000C06B00287CD0FFE74A
:10A2900041F2F820C2F2000090F83C00C00770B113
:10A2A000FFE74CF67060C0F60000C06F01F0E6FEFC
:10A2B0004DF22470C0F6000001F0E0FEFFE741F22D
:10A2C000F820C2F2000090F83C004008C00778B1C6
:10A2D000FFE74CF67060C0F60000D0F8800001F097
:10A2E000CDFE4DF22470C0F6000001F0C7FEFFE77E
:10A2F00041F2F820C2F2000090F83C008008C0074C
:10A3000078B1FFE74CF67060C0F60000D0F884002A
:10A3100001F0B4FE4DF22470C0F6000001F0AEFE74
:10A32000FFE741F2F820C2F2000090F83C00C008BC
:10A33000C00778B1FFE74CF67060C0F60000D0F8B7
:10A34000880001F09BFE4DF22470C0F6000001F081
:10A3500095FEFFE741F2F820C2F2000090F83C00C1
:10A360000009C00778B1FFE74CF67060C0F6000046
:10A37000D0F88C0001F082FE4DF22470C0F600008F
:10A3800001F07CFEFFE7FFE7FFE780BD80B582B00C
:10A3900001900091002001A90122FDF74FFE0198D4
:10A3A00002B080BD80B584B08DED030ACDED020A08
:10A3B0008DED011A40F60810C2F2000000689DED14
:10A3C000030AF6F757FB41F2A820C2F2000080ED25
:10A3D000000A002004B080BD7047000070470000F4
:10A3E00080B586B000200590049003900290112162
:10A3F00003910490032005901020029041F2000088
:10A40000C4F2010002A90191F9F7C8F901992020CD
:10A41000029040F60000C4F20100F9F7BFF906B05F
:10A4200080BD000080B586B08DF8170004910392BE
:10A4300003980A3001909DF81710049ABDF80C306B
:10A4400041F25800C2F2000001F0B4F90290029803
:10A4500006B080BD80B588B08DF81F0006910592CA
:10A4600005980A3003909DF81F100698BDF8143027
:10A470006A465360106041F25800C2F200000C229C
:10A48000012300F061FB0490049808B080BD000037
:10A4900080B540F23800C2F200004068C82807DCEE
:10A4A000FFE741F2AE21C2F200010020887006E011
:10A4B00041F2AE21C2F2000101208870FFE741F2B3
:10A4C000AE20C2F20000C07848B9FFE741F2AE20EA
:10A4D000C2F200008078012801D1FFE732E041F2AA
:10A4E000AE20C2F20000C078012819D1FFE741F286
:10A4F000AE20C2F200008078012811D1FFE741F2BE
:10A50000AE20C2F20000007A18B9FFE7FDF746FF5F
:10A51000FFE741F2AE21C2F200010120087210E013
:10A5200041F2AE20C2F20000007A18B1FFE7FDF759
:10A530005BFFFFE741F2AE21C2F20001002008728A
:10A54000FFE7FFE741F2AE21C2F200018878C87050
:10A5500080BD000080B582B000200190F9F70AFBB1
:10A56000FDF796FFFCF7E8FAFCF7BEFAFCF722FAD3
:10A57000FCF778FAFCF7E4FBFCF70CFCFCF7CAFCF0
:10A5800000F002F8FFE7FEE780B592B041F27400F8
:10A59000C2F200000190F6F7A1FF41F2A400C2F25E
:10A5A00000000090F6F79AFF009A019803686FF098
:10A5B000040119601268116040F24001C2F200010A
:10A5C0000122F8F7C9F941F2F810C2F20000029036
:10A5D00002686FF080011161FAF77AFFFDF782FBE4
:10A5E000FDF77CFB4DF20C70C0F6000001F046FD5B
:10A5F0004DF22C70C0F600004DF22772C0F600023A
:10A600001146FFF76FFAF6F731FCFCF735FDFEF760
:10A61000EDFF029800210D91FBF7C4FA0298042186
:10A62000FBF7C0FA02980821FBF7BCFA42F6344166
:10A63000C4F20101039140F63C70086042F63841D3
:10A64000C4F20101049140F6B8300690086042F669
:10A650003C41C4F2010105910860C820F9F77CF87B
:10A6600011A8FEF77DFE039B049A059906989DEDBF
:10A67000110AB1EE400A40F2500CC2F2000C8CED0F
:10A68000030A18601060086040F6D000C2F20000B3
:10A690000C904FF07E51416048F22732C3F6A3324E
:10A6A000C2614EF6FA52C3F6EB2242614CF6CD423D
:10A6B000C4F24C0282610022C4F2E002026243F260
:10A6C000BD72C3F2866242620022C4F2401202608E
:10A6D00081624DF20A71C3F6A341C1600021C4F248
:10A6E0001651C16290ED0B0A9FED2E1A8DED081ADE
:10A6F00080EE010A30EE000A30EE000A9FED2A1AC1
:10A700008DED091A60EE011A9FED280A8DED0A0AF7
:10A71000DFED270ACDED0B0A9FED261A8DED071A06
:10A72000F6F7A2FA9DED071A9DED085A9DED094A2C
:10A730009DED0A0ADDED0B0A01460C9840F2A002DD
:10A74000C2F20002116090ED083A90ED0B2A23EE60
:10A75000011A82EE052A32EE022A32EE022A22EE97
:10A76000042A62EE031AF6F77FFA01460C9840F2CB
:10A770009C02C2F200021160F6F716FD0D981090CF
:10A780000A200F90FFE7F9F7E1F90E900E98109963
:10A79000401A0A2805D3FFE70E981090FFF778FEBD
:10A7A000FFE7F0E700007042DB0F494000401C4625
:10A7B00000007A437CD920399FED010A704700BF21
:10A7C000000000002DE9F04F8FB00091DDF884B05B
:10A7D000DDF880A0DDF87C90DDF878801D9F1C9E60
:10A7E0001B9D1A9CDDF864E0DDF860C000990099BB
:10A7F000CDF838B0CDF834A0CDF83090CDF82C801D
:10A800000A97099608950794CDF818E0CDF814C07A
:10A81000049303920291019001994CF6CD40C3F646
:10A820004C600860019900204860019A4AF2B971B1
:10A83000C0F60001D162019988610199C8619DED5E
:10A840000D0A9FED0C2A80EE020AB6EE001A20EEE9
:10A85000010A019880ED040A9DED0D0AB1EE400A4F
:10A8600080EE020A20EE010A019880ED050A0FB081
:10A87000BDE8F08F0000704280B598B017900020BE
:10A880000490159005A803904021F5F7BDFC0398AE
:10A89000179A1021FEF7DAFE0146049815911690DA
:10A8A000FFE71698159988421ED2FFE7169A02EB29
:10A8B000C20140F6E060C2F200000290084405A91F
:10A8C00051F822204EF29D01C0F6000101F0E6FB96
:10A8D0000299169800EBC000014420200872FFE79F
:10A8E000169801301690DCE71598F8B1FFE74CF6A2
:10A8F0007060C0F60000006A159901EBC10340F6D4
:10A90000E061C2F200016A46116041F23801C2F210
:10A9100000014DF69F22C0F6000201F0AFFB4DF2A0
:10A920002470C0F6000001F0A9FB0DE04CF6706049
:10A93000C0F60000406A01F0A1FB4DF22470C0F6A1
:10A94000000001F09BFBFFE718B080BD80B584B02C
:10A95000ADF80E00BDF8080040F40040ADF8080066
:10A96000BDF80E10BDF8080001F00F0120F4F04012
:10A9700040EAC120ADF80800BDF80800ADF80C00B1
:10A9800040F60040C4F2010001904FF48051009164
:10A990000022F9F7C3F8BDF80C000DF10A0101F02F
:10A9A000C7FA009901980122F9F7B8F83220F6F7B2
:10A9B0003BFCBDF80A006FF3DF2004B080BD00004F
:10A9C00080B58CB0079006918DF8172004930798F6
:10A9D00020B9FFE704208DF82300B1E00798FBF7CA
:10A9E0000FFDFFF7F9FCFFF7FBFC079900208861DA
:10A9F00048610861C86088604860086006980799E7
:10AA000008619DF81700079900F001000876049886
:10AA1000002847D0FFE704980390069820B9FFE785
:10AA200004208DF823008BE0039806990844490020
:10AA3000B0FBF1F00290029818B9FFE701200290F4
:10AA4000FFE702980799086002990020B0EB510FC8
:10AA500005D0FFE7029840080799486003E007998E
:10AA600001204860FFE702990020B0EB910F05D06C
:10AA7000FFE7029880080799886003E007990120A2
:10AA80008860FFE702990020B0EBD10F05D0FFE707
:10AA90000298C0080799C86003E007990120C860C0
:10AAA000FFE709E0079901200860079948600799C6
:10AAB00088600799C860FFE70498E0B1FFE7049851
:10AAC0004FF4FA61A0FB01014CF60022C3F69A3262
:10AAD0000023F5F74FFB019100900098019908437E
:10AAE00028B9FFE70020019001200090FFE70098BF
:10AAF0000799486104E007994FF47A704861FFE7CD
:10AB000041F21001C4F201011020086040F610016A
:10AB1000C4F2010120200860079809900998006894
:10AB20000A9002200B900B9808B9FFE704E00B98FD
:10AB30000138FDD10B90FFE700208DF82300FFE7DF
:10AB40009DF823000CB080BD80B5ADF52E7D844608
:10AB5000B198DDF8C0E2CDF810C08DF80F10ADF857
:10AB60000C208DF80B30ADF808009DF80B00012883
:10AB70000AD0FFE79DF80B00022805D0FFE704206C
:10AB80008DF8170000F010BE049828B9FFE70420E4
:10AB90008DF8170000F008BE04980A900A98007E0D
:10ABA000C00728B1FFE7EFF3108072B68390FFE78C
:10ABB00040F61001C4F201012020086041F21001AA
:10ABC000C4F20101102008600A980D900D980068E9
:10ABD0005E9002206790679808B9FFE704E06798E5
:10ABE0000138FDD16790FFE740F61001C4F2010182
:10ABF0004FF4001008600A980C900C9800685D9063
:10AC000002206890689808B9FFE704E06898013866
:10AC1000FDD16890FFE741F21001C4F201014FF449
:10AC2000801008600A980B900B9800685C900220D6
:10AC30006990699808B9FFE704E069980138FDD187
:10AC40006990FFE79DF80F0040008DF80700049918
:10AC50009DF8070026918DF89700269820B9FFE708
:10AC600004208DF89F00A3E000202490FFE72498A3
:10AC700007284BDCFFE79DF897000006002807D562
:10AC8000FFE740F61001C4F201012020086007E050
:10AC900040F61001C4F201014FF400100860FFE714
:10ACA0009DF8970040008DF89700269829902998E4
:10ACB0000068549002207190719808B9FFE704E091
:10ACC00071980138FDD17190FFE741F21001C4F293
:10ACD0000101102008602698879087984068889026
:10ACE00002208990899808B9FFE704E08998013823
:10ACF000FDD18990FFE741F21001C4F201014FF448
:10AD000080100860249801302490B0E740F61001CC
:10AD1000C4F2010120200860269828902898006835
:10AD2000559002207090709808B9FFE704E0709881
:10AD30000138FDD17090FFE741F21001C4F201012A
:10AD40001020086026989990999880689A9002201F
:10AD50009B909B9808B9FFE704E09B980138FDD1D0
:10AD60009B90FFE740F60800C4F201000068C0F3C2
:10AD7000401023902698969096988068979002208D
:10AD80009890989808B9FFE704E098980138FDD1A9
:10AD90009890FFE741F21001C4F201014FF48010D6
:10ADA00008602398002818BF01208DF89F00FFE756
:10ADB0009DF89F008DF806009DF80600002852D0EF
:10ADC000FFE704983A9040F61001C4F201014FF4F5
:10ADD000001008603A983D903D9800684790022026
:10ADE0007E907E9808B9FFE704E07E980138FDD197
:10ADF0007E90FFE741F21001C4F2010110200860CB
:10AE00003A983C903C980068469002207F907F984A
:10AE100008B9FFE704E07F980138FDD17F90FFE794
:10AE200040F61001C4F20101202008603A983B90DE
:10AE30003B980068459002208090809808B9FFE711
:10AE400004E080980138FDD18090FFE73A98007EB9
:10AE5000C00710B1FFE762B6FFE79DF806008DF866
:10AE6000170000F0A1BC9DF80B00022840F00E81F5
:10AE7000FFE704999DF80D001F918DF87B001F9846
:10AE800020B9FFE704208DF88300A3E000201D9087
:10AE9000FFE71D9807284BDCFFE79DF87B000006C5
:10AEA000002807D5FFE740F61001C4F20101202079
:10AEB000086007E040F61001C4F201014FF40010F1
:10AEC0000860FFE79DF87B0040008DF87B001F982D
:10AED000229022980068569002206F906F9808B9CF
:10AEE000FFE704E06F980138FDD16F90FFE741F272
:10AEF0001001C4F20101102008601F988A908A98FE
:10AF000040688B9002208C908C9808B9FFE704E091
:10AF10008C980138FDD18C90FFE741F21001C4F20A
:10AF200001014FF4801008601D9801301D90B0E7BA
:10AF300040F61001C4F20101202008601F98219002
:10AF400021980068579002206E906E9808B9FFE72C
:10AF500004E06E980138FDD16E90FFE741F21001D8
:10AF6000C4F20101102008601F989F909F9880688C
:10AF7000A0900220A190A19808B9FFE704E0A19851
:10AF80000138FDD1A190FFE740F60800C4F20100AE
:10AF90000068C0F340101C901F989C909C9880689B
:10AFA0009D9002209E909E9808B9FFE704E09E982D
:10AFB0000138FDD19E90FFE741F21001C4F201017A
:10AFC0004FF4801008601C98002818BF01208DF8ED
:10AFD0008300FFE79DF883008DF806009DF80600CA
:10AFE000002852D0FFE70498369040F61001C4F2D2
:10AFF00001014FF4001008603698399039980068C4
:10B000004A9002207B907B9808B9FFE704E07B9888
:10B010000138FDD17B90FFE741F21001C4F201013C
:10B0200010200860369838903898006849900220BF
:10B030007C907C9808B9FFE704E07C980138FDD14A
:10B040007C90FFE740F61001C4F201012020086067
:10B050003698379037980068489002207D907D9808
:10B0600008B9FFE704E07D980138FDD17D90FFE746
:10B070003698007EC00710B1FFE762B6FFE79DF883
:10B0800006008DF8170000F08FBBFFE70499BDF8AC
:10B090000C0018918DF85F00189820B9FFE7042084
:10B0A0008DF86700A3E000201690FFE716980728A8
:10B0B0004BDCFFE79DF85F000006002807D5FFE79F
:10B0C00040F61001C4F201012020086007E040F6BC
:10B0D0001001C4F201014FF400100860FFE79DF871
:10B0E0005F0040008DF85F0018981B901B98006867
:10B0F000589002206D906D9808B9FFE704E06D98B4
:10B100000138FDD16D90FFE741F21001C4F2010159
:10B110001020086018988D908D9840688E900220BD
:10B120008F908F9808B9FFE704E08F980138FDD120
:10B130008F90FFE741F21001C4F201014FF480103B
:10B140000860169801301690B0E740F61001C4F27E
:10B1500001012020086018981A901A9800685990E8
:10B1600002206C906C9808B9FFE704E06C980138F5
:10B17000FDD16C90FFE741F21001C4F201011020F3
:10B1800008601898A590A5988068A6900220A790BE
:10B19000A79808B9FFE704E0A7980138FDD1A79068
:10B1A000FFE740F60800C4F201000068C0F3401059
:10B1B00015901898A290A2988068A3900220A4905D
:10B1C000A49808B9FFE704E0A4980138FDD1A49041
:10B1D000FFE741F21001C4F201014FF48010086052
:10B1E0001598002818BF01208DF86700FFE79DF82B
:10B1F00067008DF806009DF80600002851D0FFE793
:10B200000498329040F61001C4F201014FF400108E
:10B21000086032983590359800684D9002207890FB
:10B22000789808B9FFE704E078980138FDD1789064
:10B23000FFE741F21001C4F20101102008603298CA
:10B240003490349800684C9002207990799808B92D
:10B25000FFE704E079980138FDD17990FFE740F6E7
:10B260001001C4F201012020086032983390339815
:10B2700000684B9002207A907A9808B9FFE704E0C2
:10B280007A980138FDD17A90FFE73298007EC007A6
:10B2900010B1FFE762B6FFE79DF806008DF81700D2
:10B2A00082E240F61001C4F20101202008600498F7
:10B2B0000990099800685F9002206690669808B926
:10B2C000FFE704E066980138FDD16690FFE741F2A0
:10B2D0001001C4F201011020086004980890089839
:10B2E0000068609002206590659808B9FFE704E067
:10B2F00065980138FDD16590FFE740F61001C4F272
:10B3000001014FF400100860049807900798006846
:10B31000619002206490649808B9FFE704E06498A3
:10B320000138FDD16490FFE741F21001C4F2010140
:10B330004FF48010086004980690069800686290A8
:10B3400002206390639808B9FFE704E0639801382E
:10B35000FDD16390FFE79DF80F00400001308DF8AC
:10B36000070004999DF8070011918DF8430011988A
:10B3700020B9FFE704208DF84B00A3E000200F90D8
:10B38000FFE70F9807284BDCFFE79DF84300000616
:10B39000002807D5FFE740F61001C4F20101202084
:10B3A000086007E040F61001C4F201014FF40010FC
:10B3B0000860FFE79DF8430040008DF843001198B6
:10B3C0001490149800685A9002206B906B9808B9FA
:10B3D000FFE704E06B980138FDD16B90FFE741F285
:10B3E0001001C4F20101102008601198909090980B
:10B3F0004068919002209290929808B9FFE704E08B
:10B4000092980138FDD19290FFE741F21001C4F209
:10B4100001014FF4801008600F9801300F90B0E7E1
:10B4200040F61001C4F20101202008601198139029
:10B43000139800685B9002206A906A9808B9FFE749
:10B4400004E06A980138FDD16A90FFE741F21001EB
:10B45000C4F20101102008601198AB90AB9880688D
:10B46000AC900220AD90AD9808B9FFE704E0AD982C
:10B470000138FDD1AD90FFE740F60800C4F20100AD
:10B480000068C0F340100E901198A890A8988068AA
:10B49000A9900220AA90AA9808B9FFE704E0AA9808
:10B4A0000138FDD1AA90FFE741F21001C4F2010179
:10B4B0004FF4801008600E98002818BF01208DF806
:10B4C0004B00FFE79DF84B008DF806009DF8060045
:10B4D000002851D0FFE704982E9040F61001C4F2E6
:10B4E00001014FF4001008602E98319031980068E7
:10B4F000509002207590759808B9FFE704E07598A0
:10B500000138FDD17590FFE741F21001C4F201014D
:10B51000102008602E983090309800684F900220DC
:10B520007690769808B9FFE704E076980138FDD167
:10B530007690FFE740F61001C4F201012020086078
:10B540002E982F902F9800684E9002207790779831
:10B5500008B9FFE704E077980138FDD17790FFE75D
:10B560002E98007EC00710B1FFE762B6FFE79DF896
:10B5700006008DF8170017E10020ADF80400FFE782
:10B58000BDF80400BDF80810884280F2BD80FFE7D6
:10B59000BDF80400BDF80810401A0130B0FA80F080
:10B5A00040098DF8030004999DF80300409100F0D4
:10B5B00001008DF8FF0000208DF8FE0040F610021B
:10B5C000C4F20102202111603E90FFE73E98072857
:10B5D00046DCFFE740984290429800684390022082
:10B5E0008290829808B9FFE704E082980138FDD183
:10B5F0008290FFE741F21001C4F2010110200860BF
:10B600004098939093988068949002209590959894
:10B6100008B9FFE704E095980138FDD19590FFE760
:10B6200040F60800C4F201000068800600280CD52E
:10B63000FFE73E98C0F10701012000FA01F19DF8F3
:10B64000FE0008438DF8FE00FFE741F21001C4F24E
:10B6500001014FF4801008603E9801303E90B5E73C
:10B660009DF8FF00C00738B1FFE740F61001C4F2B3
:10B6700001012020086007E040F61001C4F201013A
:10B680004FF400100860FFE740984190419800682F
:10B69000449002208190819808B9FFE704E08198E6
:10B6A0000138FDD18190FFE741F21001C4F20101A0
:10B6B000102008604098849084984068859002200B
:10B6C0008690869808B9FFE704E086980138FDD196
:10B6D0008690FFE741F21001C4F201014FF480109F
:10B6E000086040F61001C4F20101202008609DF8B6
:10B6F000FE00B099BDF804208854FFE7BDF80400AF
:10B700000130ADF804003BE704982A9040F61001A0
:10B71000C4F201014FF4001008602A982D902D9872
:10B720000068539002207290729808B9FFE704E015
:10B7300072980138FDD17290FFE741F21001C4F216
:10B740000101102008602A982C902C9800685290D3
:10B7500002207390739808B9FFE704E073980138EA
:10B76000FDD17390FFE740F61001C4F201012020E3
:10B7700008602A982B902B980068519002207490B2
:10B78000749808B9FFE704E074980138FDD174900B
:10B79000FFE72A98007EC00710B1FFE762B6FFE717
:10B7A00000208DF81700FFE79DF817000DF52E7D9E
:10B7B00080BD0000C8B004908DF80F100292ADF863
:10B7C0000630049820B9FFE704208DF817007EE2C8
:10B7D000049806900698007EC00728B1FFE7EFF3B3
:10B7E000108072B63890FFE740F61001C4F20101F4
:10B7F0002020086041F21001C4F20101102008600D
:10B8000006980990099800682A9002202B902B989E
:10B8100008B9FFE704E02B980138FDD12B90FFE732
:10B8200040F61001C4F201014FF4001008600698C0
:10B83000089008980068299002202C902C9808B94C
:10B84000FFE704E02C980138FDD12C90FFE741F28E
:10B850001001C4F201014FF48010086006980790AF
:10B8600007980068289002202D902D9808B9FFE7CE
:10B8700004E02D980138FDD12D90FFE79DF80F00D1
:10B88000400001308DF8050004999DF805000D91E8
:10B890008DF833000D9820B9FFE704208DF83B00A8
:10B8A000A3E000200B90FFE70B9807284BDCFFE795
:10B8B0009DF833000006002807D5FFE740F6100189
:10B8C000C4F201012020086007E040F61001C4F234
:10B8D00001014FF400100860FFE79DF833004000BD
:10B8E0008DF833000D981090109800682690022073
:10B8F0002F902F9808B9FFE704E02F980138FDD169
:10B900002F90FFE741F21001C4F2010110200860FE
:10B910000D983C903C9840683D9002203E903E98A7
:10B9200008B9FFE704E03E980138FDD13E90FFE7FB
:10B9300041F21001C4F201014FF4801008600B982D
:10B9400001300B90B0E740F61001C4F20101202055
:10B9500008600D980F900F980068279002202E9095
:10B960002E9808B9FFE704E02E980138FDD12E90FB
:10B97000FFE741F21001C4F20101102008600D98A8
:10B98000459045988068469002204790479808B9AE
:10B99000FFE704E047980138FDD14790FFE740F604
:10B9A0000800C4F201000068C0F340100A900D982E
:10B9B000429042988068439002204490449808B98D
:10B9C000FFE704E044980138FDD14490FFE741F2DD
:10B9D0001001C4F201014FF4801008600A98002899
:10B9E00018BF01208DF83B00FFE79DF83B008DF864
:10B9F00004009DF80400002851D0FFE7049815903A
:10BA000040F61001C4F201014FF4001008601598CF
:10BA1000189018980068229002203390339808B943
:10BA2000FFE704E033980138FDD13390FFE741F29E
:10BA30001001C4F2010110200860159817901798A2
:10BA40000068219002203490349808B9FFE704E0A0
:10BA500034980138FDD13490FFE740F61001C4F26C
:10BA60000101202008601598169016980068209013
:10BA700002203590359808B9FFE704E03598013881
:10BA8000FDD13590FFE71598007EC00710B1FFE7A4
:10BA900062B6FFE79DF804008DF8170017E100205B
:10BAA000ADF80200FFE7BDF80200BDF806108842BD
:10BAB00080F2BD80FFE7BDF80200BDF80610401A15
:10BAC0000130B0FA80F040098DF8010004999DF82A
:10BAD00001001B9100F001008DF86B0000208DF833
:10BAE0006A0040F61002C4F2010220211160199090
:10BAF000FFE71998072846DCFFE71B981D901D9863
:10BB000000681E9002203790379808B9FFE704E0DC
:10BB100037980138FDD13790FFE741F21001C4F2A8
:10BB20000101102008601B983F903F98806840906A
:10BB300002204190419808B9FFE704E0419801389C
:10BB4000FDD14190FFE740F60800C4F20100006813
:10BB5000800600280CD5FFE71998C0F107010120E5
:10BB600000FA01F19DF86A0008438DF86A00FFE7CA
:10BB700041F21001C4F201014FF4801008601998DD
:10BB800001301990B5E79DF86B00C00738B1FFE7A9
:10BB900040F61001C4F201012020086007E040F6E1
:10BBA0001001C4F201014FF400100860FFE71B9878
:10BBB0001C901C9800681F9002203690369808B997
:10BBC000FFE704E036980138FDD13690FFE741F2F7
:10BBD0001001C4F20101102008601B9839903998B7
:10BBE00040683A9002203B903B9808B9FFE704E098
:10BBF0003B980138FDD13B90FFE741F21001C4F2C0
:10BC000001014FF48010086040F61001C4F20101F8
:10BC1000202008609DF86A000299BDF8022088542F
:10BC2000FFE7BDF802000130ADF802003BE70498E1
:10BC3000119040F61001C4F201014FF400100860A9
:10BC40001198149014980068259002203090309834
:10BC500008B9FFE704E030980138FDD13090FFE7E4
:10BC600041F21001C4F201011020086011981390F4
:10BC700013980068249002203190319808B9FFE7AA
:10BC800004E031980138FDD13190FFE740F6100112
:10BC9000C4F20101202008601198129012980068E7
:10BCA000239002203290329808B9FFE704E03298DE
:10BCB0000138FDD13290FFE71198007EC00710B126
:10BCC000FFE762B6FFE700208DF81700FFE79DF859
:10BCD000170048B07047000080B586B08DED050AAA
:10BCE0000490CDED030A8DED021A0499886A0130A3
:10BCF00088620498806A0A2845D3FFE704990020E7
:10BD000088629DED050ADDED030A9DED021A41F200
:10BD10007C30C2F2000000F0B3F89DED050A40F659
:10BD20001410C2F20000DFED190AFBF715FE40F611
:10BD30001010C2F20000019080ED000A9FED140A7D
:10BD4000FDF768FB019800680499086240F29C00C6
:10BD5000C2F20000006890ED0A0A40F6D000C2F27C
:10BD6000000090ED081A9FED0B2A21EE021A80EEDA
:10BD7000010A049880ED090A41F25030C2F2000035
:10BD8000FCF7D0FAFFE706B080BD00BF6E12833A21
:10BD9000AA271F43DB0FC9402DE9F04F8DB0DDF816
:10BDA00078A0DDF87490DDF870801B9F1A9E199DB5
:10BDB000189CDDF85CE0DDF858C0DDF87CB0CDF80B
:10BDC00030A0CDF82C90CDF82880099708960795DB
:10BDD0000694CDF814E0CDF810C0039302920191BF
:10BDE00000909DED073A9DED082A9DED090A9FED13
:10BDF000201A20EE010AB7EE084A22EE042A22EEAB
:10BE0000032A80EE020A9FED1B2A20EE020A41F26D
:10BE10005031C2F2000181ED000A91ED000A20EEDE
:10BE2000010A9FED151A20EE010A9DED1F1AB8EECA
:10BE3000411A20EE010AB6EE001A20EE010A81ED49
:10BE4000010A4FF0804088604FF03F40C8600020FA
:10BE5000C861086140F61410C2F20000DFED070A65
:10BE6000B0EE600AFBF774FB0DB0BDE8F08F00BFC9
:10BE700000009D43CDCC4C3F17B7D138000048435C
:10BE800084B08DED030A0290CDED010A8DED001A0C
:10BE90009DED030A029890ED001AB4EE410AF1EE0E
:10BEA00010FA19DDFFE79DED011A029890ED000AE6
:10BEB00030EE010A80ED000A029890ED000A9DED37
:10BEC000031AB4EE410AF1EE10FA04DDFFE703981D
:10BED00002990860FFE728E09DED030A029890EDC3
:10BEE000001AB4EE410AF1EE10FA19DAFFE79DEDFF
:10BEF000001A029890ED000A30EE410A80ED000A27
:10BF0000029890ED000A9DED031AB4EE410AF1EE9D
:10BF100010FA04DAFFE7039802990860FFE703E0EC
:10BF2000039802990860FFE7FFE704B0704700003C
:10BF300080B584B0ADF80E000291029A69464FF0C8
:10BF4000FF30086041F2A010C2F200000DF10E01B6
:10BF50000123F8F781FF019804B080BD80B584B05B
:10BF6000ADF80E0069464FF0FF30086041F2A010B6
:10BF7000C2F200000DF10E010DF106020123F8F7E7
:10BF80006BFF029804B080BD83B0029001910298CB
:10BF900000F01001012080EA111141F28830C2F254
:10BFA000000001700078C00720B1FFE70198483019
:10BFB000009002E001980090FFE7009803B07047FE
:10BFC00041F20400CEF200000068704780B586B0F0
:10BFD000ADF81200ADF81010BDF80C006FF3DF30B3
:10BFE000ADF80C00BDF81210BDF80C0001F00F0107
:10BFF00020F4F04040EAC120ADF80C00BDF810106C
:10C00000BDF80C006FF3DF2100F478400844ADF870
:10C010000C00BDF80C00ADF8100040F60040C4F272
:10C02000010001904FF4805100910022F7F776FD56
:10C03000BDF81000FFF792FF009901980122F7F771
:10C040006DFD3220F5F7F0F8BDF81200FEF77EFC2A
:10C05000ADF80A00BDF80A00BDF810106FF3DF213B
:10C06000884204D0FFE74FF0FF30059002E0002047
:10C070000590FFE7059806B080BD00000FB4054BA2
:10C0800010B503A9044A029800F0E6FA10BC5DF866
:10C0900014FB00008DA30008000000200FB4084B23
:10C0A00010B504A902AA039800F0D6FA044602A922
:10C0B000002000F068FE204610BC5DF814FB000074
:10C0C00087CD00084100080218BF04200A0E18BFDF
:10C0D00040F001004FF07F4232EA010108BF40F01A
:10C0E0000200012808BF05207047000070B54FF01E
:10C0F00068422DED048BF0EE408A18EE900AB0EE07
:10C10000608A18EE101A02EB4003B3F1654F3CBF92
:10C1100002EB4102B2F1654F7DD200BFC0F3C753BD
:10C12000C1F3C7529A1A1B2A09DD10F0004F14BF41
:10C130009FED830A9FED830ABDEC048B70BD12F165
:10C140001A0F36DA11F0004F09D010F0004F0CBF73
:10C150009FED7D0A9FED7D0ABDEC048B70BD88EEDE
:10C16000889A19EE100AFFF7ADFF042808BF00F007
:10C1700093F918EE900AFFF7A5FF054618EE100A8E
:10C18000FFF7A0FF044619EE100AFFF79BFF042DEE
:10C1900018BF052D08D1042C18BF052C04D1002888
:10C1A00004BF022000F090F9B0EE490ABDEC048B08
:10C1B00070BD4200B2EB410F3AD910F0004F19BFE9
:10C1C000DFED630A9FED630ADFED630A9FED630A0B
:10C1D000B0EE481A0A46B1EE688A80F00041F0EEEF
:10C1E000418A10460A1A5200B2F1807F34D2484088
:10C1F00010F0004FDFED5A1A9FED5A2A1DBFBEEE18
:10C20000001A70EEE10A30EE420AB6EE001A08BFDC
:10C2100070EEA10A00E040E008BF30EE020AB0EE86
:10C22000682A01EE482A08EE818AC2EE081A15E053
:10C2300011F0004F04BF9FED4C0AF0EE400AD1D040
:10C2400010F0004F19BFDFED490A9FED490ADFEDFD
:10C25000490A9FED490AC5E7C8EE881A21EEA11ADE
:10C260009FED462ADFED462A41EE022A9FED452A40
:10C2700001EE222ADFED442A41EE022A9FED432AF5
:10C28000BDEC048B01EE222A21EE811A01EE020A96
:10C2900030EE210A30EE200A70BD4FF07F42B2EB43
:10C2A000400F28BFB2EB410F09D2F0EE480AB0EEC2
:10C2B000680ABDEC048BBDE8704000F0E2B840EACB
:10C2C00001035B0008BF41F0FF410BD0B2EB400F10
:10C2D00008BFB2EB410F08D120F0804008EE900A71
:10C2E00021F0804108EE101A18E7B2EB400F12BFA0
:10C2F0005FEA410340F0FF4001F000413FF40EAF20
:10C30000B2EB410F12BF5FEA400200F0004041F083
:10C31000FF413FF403AF4A0092EA40033FF5FEAE0F
:10C32000002AACBF9FED1A0A9FED1A0A68EE808AB8
:10C3300028EE008A18EE900A18EE101AEEE60000B9
:10C34000DB0FC9BFDB0FC93FDB0F4940DB0F49C023
:10C350000000C9BF22AAFDB90000C93F22AAFD39C9
:10C360000060ED3EC30ACE3700000000000049C067
:10C3700022AA7DBA0000494022AA7D3A2DAD65BDB2
:10C380008FB8D53D0FB511BE61C84C3EA8AAAABE54
:10C390000000804F0000802F10B52DED028BF0EED5
:10C3A000408A18EE900AB0EE608A20F00040C0F19A
:10C3B000FF40C00F07D118EE100A20F00040C0F176
:10C3C000FF40C00F2BD018EE101A18EE900AF4F7A9
:10C3D00052F800EE100A10EE100A6FEAD05010F07A
:10C3E000FF0F04BFBDEC028B10BD18EE900A00F0E9
:10C3F000004110EE100A00F00040814204BFBDEC85
:10C40000028B10BD18EE101A10EE100ABDEC028B54
:10C4100061F31E0000EE900A30EE600A10BD18EEC7
:10C42000900A4FF07F41B1EB400F1CBF18EE100A8D
:10C430005FEA4000C7D1012000F046F8BDEC028B56
:10C44000BDE8104000F020B810B52DED028BB1EE24
:10C45000C08A18EE100A20F00040C0F1FF40C00F63
:10C460000AD010EE100A20F00040C0F1FF40C00FCB
:10C4700004BF012000F028F8B0EE480ABDEC028BA2
:10C4800010BD30EE200A7047DFED020A80EEA00AF0
:10C4900070470000000000009FED020A20EE000A35
:10C4A000704700000000001002E008C8121F08C119
:10C4B000002AFAD170477047002001E001C1121F25
:10C4C000002AFBD170470000014908607047000056
:10C4D0000C0000202DE9FF5F82B00021DDE904306F
:10C4E000020DDDF840B0034318D044F61050A2F21C
:10C4F000FF3242431514119801281FD0A5EB0B0001
:10C50000401C5FEA000A4FF000064E4FDFF83891FA
:10C51000B046504615D5CAF1000413E01198012425
:10C520004AA3012801D16FEA0B010298119AC0E9D0
:10C530000031C0E9024206B0BDE8F09FCBF1000037
:10C54000DFE704460021404A491842EB0450CDE998
:10C55000001012E0E00707D032463B46404649460D
:10C56000F4F7B6F88046894632463B4610461946EF
:10C57000F4F7AEF806460F466410002CEAD1DDE968
:10C580000401DDE90023BAF1000F06DAF4F7A0F8A0
:10C5900042464B46F4F79CF805E0F3F755FE424659
:10C5A0004B46F3F751FE04460E460022284BF4F7A3
:10C5B00019F903D84FF0FF30014607E00022254B60
:10C5C00020463146F3F7DDFFF4F7F4F8102409E0D4
:10C5D000002C0ADB0A220023F3F7CCFD039B303248
:10C5E0001A55641E50EA0102F2D1641C039AC4F188
:10C5F00011031444119A012A03D0012208430DD1DA
:10C600000AE0084304D000204FF0110B119072E7AC
:10C61000A3EB0B056D1E0DE05B4504DD4FF0000242
:10C6200005F1010504E003DA4FF00002A5F1010570
:10C63000002AECD002981199C0E90231C0E9004506
:10C6400079E70000000014400000F03F30000000D7
:10C650000000F0430000E03F2DE9FF4F95B09B46FE
:10C660008946064600250FE2252877D10024274673
:10C67000F84A0121059400E0044316F8013F203BED
:10C6800001FA03F01042F7D130782A2811D06FF068
:10C690002F033078A0F13002092A16D8059A44F009
:10C6A000020402EB820203EB42021044761C059066
:10C6B000EFE759F8042B0592002A03DA504244F4BC
:10C6C0000054059044F00204761C30782E2816D1D0
:10C6D00016F8010F44F004042A280DD06FF02F0241
:10C6E0003078A0F13003092B09D807EB870302EB60
:10C6F0004303C718761CF3E759F8047B761C30789F
:10C700006C280FD006DC4C2817D068280DD06A287A
:10C7100014D104E0742810D07A280FD10DE044F42D
:10C7200000140AE044F4801401E044F440147278E8
:10C73000824202D104F58014761C761C307866287B
:10C740000BD013DC582877D009DC002875D0452899
:10C75000F6D04628F4D047281AD19DE118E0632886
:10C7600035D0642879D0652812D195E1702873D02E
:10C7700008DC6728F1D069286FD06E280DD06F28AB
:10C7800006D1B5E073282CD0752875D0782874D0E0
:10C790005A46179990476D1C75E1C4F30250022860
:10C7A00009D003280DD0D9F8001004280DD00D6051
:10C7B00009F1040967E1D9F80010EA17C1E900524C
:10C7C000F6E7D9F800100D80F2E70D70F0E719F8E0
:10C7D000041B8DF8001000208DF80100EA460120AE
:10C7E00003E059F804AB4FF0FF3061074FF0000150
:10C7F00002D40DE008F101018846B9420FDA804504
:10C80000F8DB1AF808100029F4D108E008F101015A
:10C8100088468142FADB1AF808100029F6D10598FB
:10C820005B46A0EB080721463846179A00F094FAB9
:10C83000284400EB080507E04DE029E10DE01AF877
:10C84000010B5A4617999047B8F10108F7D25B4699
:10C8500021463846179A13E142E00A220092C4F3B7
:10C8600002524FF0000A022A08D059F804CB032ADA
:10C870004FEAEC710AD00DE029E02AE009F1070146
:10C8800021F00702F2E802C1914609E00FFA8CFCA0
:10C890004FEAEC71042A03D14FFA8CFC4FEAEC7199
:10C8A000002907DA0A460021DCF1000C61EB0201E5
:10C8B0002D2202E0220504D52B228DF8042001222E
:10C8C00003E0E20701D02022F7E7904659E00A2171
:10C8D00002E010220DE010214FF0000A00910BE061
:10C8E00010224FF0000A44F004040827009203E0ED
:10C8F00008224FF0000A0092C4F30252022A05D027
:10C9000059F804CB0021032A08D009E009F10701F6
:10C9100021F00702F2E802C1914605E01FFA8CFC03
:10C92000042A01D10CF0FF0C4FF00008220728D593
:10C93000702806D0009B83F0100353EA0A0305D049
:10C940000EE040228DF80420012208E05CEA01029A
:10C9500006D030228DF804208DF805000222904682
:10C96000009B83F0080353EA0A030AD15CEA010240
:10C9700001D1620705D530228DF804204FF001085F
:10C980007F1E582804D034A003900EA802900DE01A
:10C9900036A0F9E753466046009AF3F7EBFB84466E
:10C9A0000398825C0298401E029002705CEA0100CB
:10C9B000F0D1029806A9081A00F1200A600702D5F2
:10C9C00024F4803400E00127574502DDA7EB0A007C
:10C9D00000E0002000EB0A01009005984144401A55
:10C9E0000590E00306D45B462146179A059800F0AF
:10C9F000B3F90544002706E001A85A46C05D17991F
:10CA000090476D1C7F1C4745F6DBE0030CD55B4669
:10CA10002146179A059800F09FF9054404E030205C
:10CA20005A46179990476D1C0099481E009000299E
:10CA3000F5DC08E0029802995A460078491C0291F8
:10CA4000179990476D1CBAF10001AAF1010AF1DCB7
:10CA500065E10000092801003031323334353637C2
:10CA6000383961626364656600000000303132333A
:10CA700034353637383941424344454600000000DA
:10CA800000F058F90544761C307800287FF4ECADAE
:10CA900019B02846BDE8F08F620700D4062709F1D7
:10CAA000070222F0070CFCE80223E14603F00048ED
:10CAB0005FEA080C02D00FF2702C0DE05FEA045C14
:10CAC00002D50FF2682C07E05FEAC47C02D00FF2B7
:10CAD000602C01E0AFF2700C4FF0FF3823F0004300
:10CAE000CDF850C065280CD006DC452809D0462872
:10CAF0001DD047283DD13DE0662818D067287ED15B
:10CB000038E00021112F01DB112000E0781CCDE975
:10CB1000000106A90EA8FFF7DDFCDDE90F010E9A62
:10CB200003910021009207F1010A04914DE04FF0BA
:10CB300000400097CDE9011006A90EA8FFF7CAFC36
:10CB4000DDE90F0203920E9B11990022DDF80CA083
:10CB50000093049211B9791C00EB010AB7EB0A00AB
:10CB600004D4C0F1FF3007F1010A0490AAEB0700DA
:10CB7000019044E0012F00DA01270021112F01DD8F
:10CB8000112000E03846CDE9000106A90EA8FFF704
:10CB9000A1FCDDE90F010E9A03910021049100929E
:10CBA000BA4621070CD40399514500DA8A46BAF1F6
:10CBB000010F05DD009AAAF10101515C302908D06E
:10CBC000B84202DA10F1040F06DA0121CDE90110B2
:10CBD00015E0AAF10101E9E7002805DC0499014408
:10CBE0000491AAEB000102E0411C514500DD8A4698
:10CBF0000499401A401C01904FF000400290200719
:10CC000004D40198504501DBCDF8048000208DF854
:10CC10004F0002980DF14F07B0F1004F25D02B20A7
:10CC20000E9002984FF0020800280CDA4042029061
:10CC30002D200E9007E00A210298F3F7B0FB303167
:10CC4000029007F8011DB8F10001A8F10108F2DC1B
:10CC500002980028EFD1791E0E980870307800F005
:10CC6000200040F0450007F8020D12A8C01B00F19B
:10CC700007081498007800B1012000EB0A01019820
:10CC800001EBE07105984144401A401E0590E00315
:10CC900006D45B462146179A059800F05DF80544D6
:10CCA0001498007818B15A46179990476D1CE00304
:10CCB00024D55B462146179A059800F04DF80544A7
:10CCC0001CE00498002807DBDDE90301884203DD4E
:10CCD0000098405C179901E0179930205A46904718
:10CCE000049805F10105401C04900198401E019034
:10CCF00004D12E205A46179990476D1CBAF10001B5
:10CD0000AAF1010ADDDC05E017F8010B5A46179974
:10CD100090476D1CB8F10001A8F10108F4DC5B46F6
:10CD20002146179A0598ABE62D0000002B00000065
:10CD3000200000002DE9F041044600251E4617465C
:10CD4000880404D405E039462020B0476D1C641ED9
:10CD5000F9D52846BDE8F0812DE9F04104460025CB
:10CD60001E469046C80301D5302700E020278804DE
:10CD700004D505E041463846B0476D1C641EF9D520
:10CD80002846BDE8F0810A68531C0B60107070479C
:10CD9000F0B50B30154D20F007010024144A0FE0C8
:10CDA00003688B420BD38B4205D95E1A4318476840
:10CDB000C3E9006700E04368136002C004E0021D9D
:10CDC00010680028ECD12046002802D1286808B15C
:10CDD0000020F0BD064A07481060074A121A22F0E8
:10CDE0000702C0E9002401202860D7E708000020DE
:10CDF00004000020CC130020C833002000000000F5
:10CE0000A3D70008A7D70008ABD70008AFD7000802
:10CE10008FD80008B7D70008B3D700088BD900080F
:10CE200000000000000000000102030406070809DA
:10CE300000000000010203040203040506070809BC
:10CE40000A0B0C0D0E0F1010010202030405060759
:10CE500008090A0B0C0D0E0F101001020000000053
:10CE600000005454522052454747455300000000EB
:10CE7000D0DA0008A2DE0008F3DE000897DF000821
:10CE800093D80008B8D80008CCDF0008F3DF00080A
:10CE900007DF000885DE0008E0DE000863DF000829
:10CEA000DDD80008A4DA000815DC0008A6DB0008BD
:10CEB0004FDE0008F3DD000895DC0008E1DB000828
:10CEC0003ADB00086FDB000827DE0008CDDD000834
:10CED00057DC0008E1DC0008BBD700086EDD000865
:10CEE00027DD00084DDA000807D800085BD90008E4
:10CEF0001ADA00088FD90008BBD90008EAD900085F
:10CF000068E0000841E0000800000000920E493C83
:10CF1000B10AC93C2BC3163D2EFB483D752B7B3D0A
:10CF200004A9963D80B6AF3D36BDC83D2FBCE13D5E
:10CF300073B2FA3D87CF093E8340163EB5AB223E21
:10CF4000A2102F3ECF6E3B3EC2C5473E0115543E58
:10CF5000135C603E7F9A6C3ECCCF783EC07D823EB3
:10CF6000938E883E229A8E3E32A0943E86A09A3EB0
:10CF7000E59AA03E128FA63ED47CAC3EEF63B23E53
:10CF80002A44B83E491DBE3E15EFC33E53B9C93EC3
:10CF9000CA7BCF3E4136D53E80E8DA3E4F92E03E36
:10CFA0007533E63EBBCBEB3EEA5AF13ECBE0F63EB4
:10CFB000275DFC3EE4E7003F3D9C033F824B063F7C
:10CFC0009BF5083F6B9A0B3FDA390E3FCDD3103FEC
:10CFD0002A68133FD9F6153FC07F183FC6021B3F92
:10CFE000D17F1D3FCBF61F3F9967223F25D2243FBB
:10CFF0005636273F1594293F4AEB2B3FDE3B2E3F09
:10D00000BB85303FC9C8323FF304353F233A373F31
:10D010004268393F3B8F3B3FF9AE3D3F67C73F3FDB
:10D0200070D8413F01E2433F03E4453F65DE473F9F
:10D0300012D1493FF8BB4B3F029F4D3F207A4F3FF3
:10D040003D4D513F4918533F31DB543FE595563F25
:10D050005348583F6AF2593F1A945B3F532D5D3F46
:10D0600005BE5E3F2146603F97C5613F5A3C633F26
:10D0700059AA643F880F663FD86B673F3CBF683F43
:10D08000A7096A3F0C4B6B3F5E836C3F93B26D3FC9
:10D090009ED86E3F73F56F3F0809713F5213723F80
:10D0A0004714733FDD0B743F0BFA743FC6DE753FC8
:10D0B00007BA763FC58B773FF853783F9812793F90
:10D0C0009DC7793F02737A3FBE147B3FCDAC7B3F57
:10D0D000283B7C3FC9BF7C3FAC3A7D3FCCAB7D3F1A
:10D0E00023137E3FB0707E3F6DC47E3F580E7F3F5E
:10D0F0006D4E7F3FAB847F3F0FB17F3F97D37F3F24
:10D1000043EC7F3F11FB7F3F0000803F11FB7F3FDF
:10D1100043EC7F3F97D37F3F0FB17F3FAB847F3F8F
:10D120006D4E7F3F580E7F3F6DC47E3FB0707E3F97
:10D1300023137E3FCCAB7D3FAC3A7D3FC9BF7C3FE4
:10D14000283B7C3FCDAC7B3FBE147B3F02737A3FD4
:10D150009DC7793F9812793FF853783FC58B773F49
:10D1600007BA763FC6DE753F0BFA743FDD0B743F9E
:10D170004714733F5213723F0809713F73F56F3FB5
:10D180009ED86E3F93B26D3F5E836C3F0C4B6B3FFE
:10D19000A7096A3F3CBF683FD86B673F880F663F6F
:10D1A00059AA643F5A3C633F97C5613F2146603F9F
:10D1B00005BE5E3F532D5D3F1A945B3F6AF2593FB7
:10D1C0005348583FE595563F31DB543F4918533F8C
:10D1D0003D4D513F207A4F3F029F4D3FF8BB4B3FA3
:10D1E00012D1493F65DE473F03E4453F01E2433F3B
:10D1F00070D8413F67C73F3FF9AE3D3F3B8F3B3F54
:10D200004268393F233A373FF304353FC9C8323FBC
:10D21000BB85303FDE3B2E3F4AEB2B3F1594293F29
:10D220005636273F25D2243F9967223FCBF61F3F32
:10D23000D17F1D3FC6021B3FC07F183FD9F6153F67
:10D240002A68133FCDD3103FDA390E3F6B9A0B3F5C
:10D250009BF5083F824B063F3D9C033FE4E7003FC0
:10D26000275DFC3ECBE0F63EEA5AF13EBBCBEB3EFF
:10D270007533E63E4F92E03E80E8DA3E4136D53ED9
:10D28000CA7BCF3E53B9C93E15EFC33E491DBE3ED2
:10D290002A44B83EEF63B23ED47CAC3E128FA63E29
:10D2A000E59AA03E86A09A3E32A0943E229A8E3EF7
:10D2B000938E883EC07D823ECCCF783E7F9A6C3E76
:10D2C000135C603E0115543EC2C5473ECF6E3B3EE7
:10D2D000A2102F3EB5AB223E8340163E87CF093EBB
:10D2E00073B2FA3D2FBCE13D36BDC83D80B6AF3DBF
:10D2F00004A9963D752B7B3D2EFB483D2BC3163D67
:10D30000B10AC93C920E493C00000000920E49BC93
:10D31000B10AC9BC2BC316BD2EFB48BD752B7BBD06
:10D3200004A996BD80B6AFBD36BDC8BD2FBCE1BD5A
:10D3300073B2FABD87CF09BE834016BEB5AB22BE1D
:10D34000A2102FBECF6E3BBEC2C547BE011554BE54
:10D35000135C60BE7F9A6CBECCCF78BEC07D82BEAF
:10D36000938E88BE229A8EBE32A094BE86A09ABEAC
:10D37000E59AA0BE128FA6BED47CACBEEF63B2BE4F
:10D380002A44B8BE491DBEBE15EFC3BE53B9C9BEBF
:10D39000CA7BCFBE4136D5BE80E8DABE4F92E0BE32
:10D3A0007533E6BEBBCBEBBEEA5AF1BECBE0F6BEB0
:10D3B000275DFCBEE4E700BF3D9C03BF824B06BF78
:10D3C0009BF508BF6B9A0BBFDA390EBFCDD310BFE8
:10D3D0002A6813BFD9F615BFC07F18BFC6021BBF8E
:10D3E000D17F1DBFCBF61FBF996722BF25D224BFB7
:10D3F000563627BF159429BF4AEB2BBFDE3B2EBF05
:10D40000BB8530BFC9C832BFF30435BF233A37BF2D
:10D41000426839BF3B8F3BBFF9AE3DBF67C73FBFD7
:10D4200070D841BF01E243BF03E445BF65DE47BF9B
:10D4300012D149BFF8BB4BBF029F4DBF207A4FBFEF
:10D440003D4D51BF491853BF31DB54BFE59556BF21
:10D45000534858BF6AF259BF1A945BBF532D5DBF42
:10D4600005BE5EBF214660BF97C561BF5A3C63BF22
:10D4700059AA64BF880F66BFD86B67BF3CBF68BF3F
:10D48000A7096ABF0C4B6BBF5E836CBF93B26DBFC5
:10D490009ED86EBF73F56FBF080971BF521372BF7C
:10D4A000471473BFDD0B74BF0BFA74BFC6DE75BFC4
:10D4B00007BA76BFC58B77BFF85378BF981279BF8C
:10D4C0009DC779BF02737ABFBE147BBFCDAC7BBF53
:10D4D000283B7CBFC9BF7CBFAC3A7DBFCCAB7DBF16
:10D4E00023137EBFB0707EBF6DC47EBF580E7FBF5A
:10D4F0006D4E7FBFAB847FBF0FB17FBF97D37FBF20
:10D5000043EC7FBF11FB7FBF000080BF11FB7FBFDB
:10D5100043EC7FBF97D37FBF0FB17FBFAB847FBF8B
:10D520006D4E7FBF580E7FBF6DC47EBFB0707EBF93
:10D5300023137EBFCCAB7DBFAC3A7DBFC9BF7CBFE0
:10D54000283B7CBFCDAC7BBFBE147BBF02737ABFD0
:10D550009DC779BF981279BFF85378BFC58B77BF45
:10D5600007BA76BFC6DE75BF0BFA74BFDD0B74BF9A
:10D57000471473BF521372BF080971BF73F56FBFB1
:10D580009ED86EBF93B26DBF5E836CBF0C4B6BBFFA
:10D59000A7096ABF3CBF68BFD86B67BF880F66BF6B
:10D5A00059AA64BF5A3C63BF97C561BF214660BF9B
:10D5B00005BE5EBF532D5DBF1A945BBF6AF259BFB3
:10D5C000534858BFE59556BF31DB54BF491853BF88
:10D5D0003D4D51BF207A4FBF029F4DBFF8BB4BBF9F
:10D5E00012D149BF65DE47BF03E445BF01E243BF37
:10D5F00070D841BF67C73FBFF9AE3DBF3B8F3BBF50
:10D60000426839BF233A37BFF30435BFC9C832BFB8
:10D61000BB8530BFDE3B2EBF4AEB2BBF159429BF25
:10D62000563627BF25D224BF996722BFCBF61FBF2E
:10D63000D17F1DBFC6021BBFC07F18BFD9F615BF63
:10D640002A6813BFCDD310BFDA390EBF6B9A0BBF58
:10D650009BF508BF824B06BF3D9C03BFE4E700BFBC
:10D66000275DFCBECBE0F6BEEA5AF1BEBBCBEBBEFB
:10D670007533E6BE4F92E0BE80E8DABE4136D5BED5
:10D68000CA7BCFBE53B9C9BE15EFC3BE491DBEBECE
:10D690002A44B8BEEF63B2BED47CACBE128FA6BE25
:10D6A000E59AA0BE86A09ABE32A094BE229A8EBEF3
:10D6B000938E88BEC07D82BECCCF78BE7F9A6CBE72
:10D6C000135C60BE011554BEC2C547BECF6E3BBEE3
:10D6D000A2102FBEB5AB22BE834016BE87CF09BEB7
:10D6E00073B2FABD2FBCE1BD36BDC8BD80B6AFBDBB
:10D6F00004A996BD752B7BBD2EFB48BD2BC316BD63
:10D70000B10AC9BC920E49BC00000080536567672E
:10D7100065722052545420496E69742053756363B6
:10D72000657373210D0A0056302E30005869616F01
:10D730006D695F4379626572446F67310054657249
:10D740006D696E616C0054696D656F7574207768E2
:10D75000696C652077616974696E6720666F7220F5
:10D76000636F6E66696720646174612100496E634E
:10D770007265617365207661726961626C652062B1
:10D78000756666657221004A53636F70655F436F0B
:10D790006E666967004A53636F70655F44617461C8
:10D7A0005F7400523020005231200052322000526B
:10D7B000332000504320004C5220005573616765B0
:10D7C000206661756C74206973206361757365648C
:10D7D00020627920617474656D70747320746F2099
:10D7E00073776974636820746F20616E20696E7648
:10D7F000616C69642073746174652028652E672EDE
:10D800002C2041524D290055736167652066617572
:10D810006C7420697320636175736564206279207C
:10D82000496E646963617465732061206469766917
:10D830006465206279207A65726F20686173207454
:10D84000616B656E20706C616365202863616E207A
:10D85000626520736574206F6E6C79206966204460
:10D8600049565F305F5452502069732073657429A4
:10D8700000282573292068617320617373657274B1
:10D88000206661696C65642061742025732E0052E6
:10D890003132003D3D3D3D3D20546872656164205C
:10D8A000737461636B20696E666F726D6174696F0A
:10D8B0006E203D3D3D3D3D003D3D3D3D3D3D204DCE
:10D8C00061696E20737461636B20696E666F726D3F
:10D8D0006174696F6E203D3D3D3D3D3D003D3D3DE8
:10D8E0003D3D3D3D3D3D3D3D3D3D3D3D3D3D3D3D68
:10D8F0002052656769737465727320696E666F7212
:10D900006D6174696F6E203D3D3D3D3D3D3D3D3D4A
:10D910003D3D3D3D3D3D3D3D3D3D3D003D3D3D3D74
:10D920003D3D3D3D3D3D3D3D3D3D3D3D3D3D3D3D27
:10D930003D3D3D3D3D3D3D3D3D3D3D3D3D3D3D3D17
:10D940003D3D3D3D3D3D3D3D3D3D3D3D3D3D3D3D07
:10D950003D3D3D3D3D3D3D3D3D3D0044656275677E
:10D96000206661756C7420697320636175736564EA
:10D970002062792068616C742072657175657374BA
:10D98000656420696E204E5649430050535200444E
:10D9900065627567206661756C74206973206361C8
:10D9A0007573656420627920445754206D617463F7
:10D9B00068206F63637572726564004465627567A1
:10D9C000206661756C74206973206361757365648A
:10D9D00020627920566563746F722066657463688F
:10D9E000206F6363757272656400446562756720B9
:10D9F0006661756C7420697320636175736564205A
:10DA0000627920454442475251207369676E616CC8
:10DA10002061737365727465640044656275672084
:10DA20006661756C74206973206361757365642029
:10DA3000627920424B505420696E7374727563741E
:10DA4000696F6E20657865637574656400557361F0
:10DA50006765206661756C742069732063617573F6
:10DA6000656420627920696E6469636174657320FE
:10DA70007468617420616E20756E616C69676E6593
:10DA80006420616363657373206661756C742068DC
:10DA900061732074616B656E20706C616365002E2C
:10DAA0006178660048617264206661756C742069F3
:10DAB0007320636175736564206279206661696CA7
:10DAC000656420766563746F7220666574636800B0
:10DAD0004552524F523A20556E61626C6520746F08
:10DAE0002067657420746865206D61696E207374A9
:10DAF00061636B20696E666F726D6174696F6E2C05
:10DB000020706C6561736520636865636B20746861
:10DB10006520636F6E66696775726174696F6E20E8
:10DB20006F6620746865206D61696E20737461632F
:10DB30006B00696E69745F6F6B004275732066617C
:10DB4000756C7420697320636175736564206279F4
:10DB5000207072656369736520646174612061631C
:10DB6000636573732076696F6C6174696F6E0042D0
:10DB70007573206661756C742069732063617573B9
:10DB8000656420627920696D7072656369736520D0
:10DB900064617461206163636573732076696F6C7F
:10DBA0006174696F6E004D656D6F7279206D616E85
:10DBB0006167656D656E74206661756C742069734C
:10DBC00020636175736564206279206461746120EB
:10DBD0006163636573732076696F6C6174696F6EDE
:10DBE00000427573206661756C74206973206361EF
:10DBF0007573656420627920696E737472756374DD
:10DC0000696F6E206163636573732076696F6C6101
:10DC100074696F6E004D656D6F7279206D616E6114
:10DC200067656D656E74206661756C74206973201C
:10DC300063617573656420627920696E73747275AF
:10DC40006374696F6E206163636573732076696FB7
:10DC50006C6174696F6E00427573206661756C74D7
:10DC60002069732063617573656420627920666C36
:10DC70006F6174696E672D706F696E74206C617A64
:10DC80007920737461746520707265736572766152
:10DC900074696F6E004D656D6F7279206D616E6194
:10DCA00067656D656E74206661756C74206973209C
:10DCB00063617573656420627920666C6F61746955
:10DCC0006E672D706F696E74206C617A7920737441
:10DCD00061746520707265736572766174696F6EC8
:10DCE000005573616765206661756C7420697320E7
:10DCF00063617573656420627920617474656D7009
:10DD0000747320746F206578656375746520616E27
:10DD100020756E646566696E656420696E737472E1
:10DD2000756374696F6E0055736167652066617510
:10DD30006C74206973206361757365642062792057
:10DD4000617474656D70747320746F206578656399
:10DD5000757465206120636F70726F636573736F94
:10DD60007220696E737472756374696F6E00557397
:10DD7000616765206661756C7420697320636175E5
:10DD800073656420627920617474656D70747320AA
:10DD9000746F20646F20616E2065786365707469AC
:10DDA0006F6E2077697468206120626164207661FB
:10DDB0006C756520696E20746865204558435F5214
:10DDC000455455524E206E756D62657200427573F2
:10DDD000206661756C742069732063617573656476
:10DDE00020627920737461636B696E67206572725B
:10DDF0006F72004D656D6F7279206D616E61676540
:10DE00006D656E74206661756C7420697320636142
:10DE10007573656420627920737461636B696E67E2
:10DE2000206572726F7200427573206661756C7442
:10DE30002069732063617573656420627920756E53
:10DE4000737461636B696E67206572726F72004DE7
:10DE5000656D6F7279206D616E6167656D656E7459
:10DE6000206661756C7420697320636175736564E5
:10DE700020627920756E737461636B696E672065CB
:10DE800072726F720044756D702063616C6C2073E8
:10DE90007461636B2068617320616E206572726FBC
:10DEA00072004669726D77617265206E616D653AC8
:10DEB0002025732C20686172647761726520766515
:10DEC0007273696F6E3A2025732C20736F667477B6
:10DED0006172652076657273696F6E3A20257300F2
:10DEE0004661756C74206F6E207468726561642081
:10DEF000257300417373657274206F6E20746872AD
:10DF00006561642025730053686F77206D6F7265BB
:10DF10002063616C6C20737461636B20696E666F43
:10DF20002062792072756E3A2061646472326C6985
:10DF30006E65202D652025732573202D61202D66AB
:10DF400020252E2A7300636D5F6261636B747261BA
:10DF500063655F6661756C7400216F6E5F666175E5
:10DF60006C74004661756C74206F6E20696E746508
:10DF70007272757074206F722062617265206D65B7
:10DF800074616C286E6F204F532920656E7669721C
:10DF90006F6E6D656E7400417373657274206F6E81
:10DFA00020696E74657272757074206F7220626180
:10DFB0007265206D6574616C286E6F204F53292047
:10DFC000656E7669726F6E6D656E74004572726F04
:10DFD000723A2054687265616420737461636B28BF
:10DFE000253038782920776173206F766572666CEA
:10DFF0006F77004572726F723A204D61696E2073BF
:10E000007461636B28253038782920776173206F1D
:10E01000766572666C6F7700202025733A20253074
:10E020003878202025733A20253038782020257331
:10E030003A2025303878202025733A20253038784A
:10E040000054686520627573206661756C74206F7A
:10E0500063637572726564206164647265737320B2
:10E060006973202530387800546865206D656D6FC0
:10E070007279206D616E6167656D656E7420666191
:10E08000756C74206F63637572726564206164647B
:10E090007265737320697320253038780025303815
:10E0A0006C780000C8E00008000000203800000084
:10E0B000A8C4000800E1000838000020903B0000E0
:10E0C000B8C40008000000000000000000000000CC
:10E0D000000000000000000002000000010000003D
:10E0E00000127A00010F0F030F0F03010A0202034F
:10E0F000000001000000010010000000000000000E
:0400000508000131BD
:00000001FF
